ship_date,customer_name,sku,lot_number,qty,unit,order_reference,sales_order_id,sales_order_line_id,bol_number,entered_by,created_at
2026-05-28,Inter-County Bakers,10020,26-02-12-FOUND-011,500.0000,lb,,164,373,,legacy-unattributed,2026-08-11 14:32:52.187878+00
2026-05-28,Inter-County Bakers,10300,MAY 19 2026,500.0000,lb,,164,374,,legacy-unattributed,2026-08-11 14:32:52.187878+00
2026-05-28,Inter-County Bakers,10304,26-02-10-CREA-002,2000.0000,lb,,164,375,,legacy-unattributed,2026-08-11 14:32:52.187878+00
2026-05-28,PDI Cone,10029,2026-04-20,1250.0000,lb,,118,254,,legacy-unattributed,2026-08-11 14:32:52.187878+00
2026-05-28,PDI Cone,10029,MAY 04 2026,1850.0000,lb,,118,254,,legacy-unattributed,2026-08-11 14:32:52.187878+00
2026-05-28,PDI Cone,10029,MAY 11 2026,1875.0000,lb,,118,254,,legacy-unattributed,2026-08-11 14:32:52.187878+00
2026-05-28,PDI Cone,10029,MAY 15 2026,1850.0000,lb,,118,254,,legacy-unattributed,2026-08-11 14:32:52.187878+00
2026-05-28,PDI Cone,10029,MAY 25 2026,1875.0000,lb,,118,254,,legacy-unattributed,2026-08-11 14:32:52.187878+00
2026-05-28,PDI Cone,10029,MAY 26 2026,1850.0000,lb,,118,254,,legacy-unattributed,2026-08-11 14:32:52.187878+00
2026-05-28,PDI Cone,10029,MAY 18 2026,1450.0000,lb,,118,254,,legacy-unattributed,2026-08-11 14:32:52.187878+00
2026-06-01,CRS One Source,10302,261212585122,880.0000,lb,,168,387,,legacy-unattributed,2026-08-11 14:32:52.187878+00
2026-06-01,CRS One Source,67476,MAR 31 2026,870.0000,lb,,168,388,,legacy-unattributed,2026-08-11 14:32:52.187878+00
2026-06-01,CRS One Source,67476,APR 13 2026 lot,330.0000,lb,,168,388,,legacy-unattributed,2026-08-11 14:32:52.187878+00
2026-06-01,CRS One Source,67470,APR 27 2026,380.0000,lb,,168,389,,legacy-unattributed,2026-08-11 14:32:52.187878+00
2026-06-01,CRS One Source,67470,APR 10 2026 Lot,400.0000,lb,,168,389,,legacy-unattributed,2026-08-11 14:32:52.187878+00
2026-06-01,CRS One Source,67470,MAY 21 2026,20.0000,lb,,168,389,,legacy-unattributed,2026-08-11 14:32:52.187878+00
2026-06-01,CRS One Source,31012,605081,800.0000,lb,,168,390,,legacy-unattributed,2026-08-11 14:32:52.187878+00
2026-06-01,RESTAURANT DEPOT/Jetro Haines City #407,893,MAY 14 2026,4200.0000,lb,,141,305,,legacy-unattributed,2026-08-11 14:32:52.187878+00
2026-06-01,RESTAURANT DEPOT/Jetro Haines City #407,893,MAY 18 2026,2800.0000,lb,,141,305,,legacy-unattributed,2026-08-11 14:32:52.187878+00
2026-06-01,RESTAURANT DEPOT/Jetro Haines City #407,893,MAY 19 2026,4200.0000,lb,,141,305,,legacy-unattributed,2026-08-11 14:32:52.187878+00
2026-06-01,RESTAURANT DEPOT/Jetro Haines City #407,893,MAY 20 2026,4200.0000,lb,,141,305,,legacy-unattributed,2026-08-11 14:32:52.187878+00
2026-06-01,RESTAURANT DEPOT/Jetro Haines City #407,893,MAY 26 2026,1400.0000,lb,,141,305,,legacy-unattributed,2026-08-11 14:32:52.187878+00
2026-06-01,RESTAURANT DEPOT/Jetro Haines City #407,893,MAY 27 2026,4200.0000,lb,,141,305,,legacy-unattributed,2026-08-11 14:32:52.187878+00
2026-06-01,RESTAURANT DEPOT/Jetro Haines City #407,893,MAY 29 2026,4200.0000,lb,,141,305,,legacy-unattributed,2026-08-11 14:32:52.187878+00
2026-06-01,RESTAURANT DEPOT/Jetro Haines City #407,893,MAY 31 2026,2800.0000,lb,,141,305,,legacy-unattributed,2026-08-11 14:32:52.187878+00
2026-06-01,RESTAURANT DEPOT/Jetro Haines City #407,1614,MAY 19 2026,2800.0000,lb,,141,372,,legacy-unattributed,2026-08-11 14:32:52.187878+00
2026-06-01,RESTAURANT DEPOT/Jetro Haines City #407,1614,MAY 20 2026,4200.0000,lb,,141,372,,legacy-unattributed,2026-08-11 14:32:52.187878+00
2026-06-01,RESTAURANT DEPOT/Jetro Haines City #407,1614,MAY 21 2026,1400.0000,lb,,141,372,,legacy-unattributed,2026-08-11 14:32:52.187878+00
2026-06-01,"Janco Foods, Inc.",10020,26-02-12-FOUND-011,300.0000,lb,,170,397,,legacy-unattributed,2026-08-11 14:32:52.187878+00
2026-06-01,"Janco Foods, Inc.",10020,2026-04-21,825.0000,lb,,170,397,,legacy-unattributed,2026-08-11 14:32:52.187878+00
2026-06-01,"Janco Foods, Inc.",31012,605291,250.0000,lb,,170,398,,legacy-unattributed,2026-08-11 14:32:52.187878+00
2026-06-02,Ace Endico,67470,MAY 21 2026,1400.0000,lb,,156,350,,legacy-unattributed,2026-08-11 14:32:52.187878+00
2026-06-02,Ace Endico,67473,2026-04-17,220.0000,lb,,156,351,,legacy-unattributed,2026-08-11 14:32:52.187878+00
2026-06-02,Ace Endico,67473,APR 27 2026,350.0000,lb,,156,351,,legacy-unattributed,2026-08-11 14:32:52.187878+00
2026-06-02,Ace Endico,67473,MAY 21 2026,30.0000,lb,,156,351,,legacy-unattributed,2026-08-11 14:32:52.187878+00
2026-06-02,Ace Endico,10304,26-02-10-CREA-002,200.0000,lb,,156,469,,legacy-unattributed,2026-08-11 14:32:52.187878+00
2026-06-03,Kohl Wholesale Dist.,10302,261212585122,1980.0000,lb,,169,392,,legacy-unattributed,2026-08-11 14:32:52.187878+00
2026-06-03,Kohl Wholesale Dist.,10303,25132,120.0000,lb,,169,393,,legacy-unattributed,2026-08-11 14:32:52.187878+00
2026-06-03,Kohl Wholesale Dist.,67476,APR 13 2026 lot,600.0000,lb,,169,394,,legacy-unattributed,2026-08-11 14:32:52.187878+00
2026-06-03,Kohl Wholesale Dist.,67473,MAY 21 2026,200.0000,lb,,169,395,,legacy-unattributed,2026-08-11 14:32:52.187878+00
2026-06-03,BiRite Foodservice Dist. Inc.,67476,APR 13 2026 lot,80.0000,lb,,172,404,,legacy-unattributed,2026-08-11 14:32:52.187878+00
2026-06-03,BiRite Foodservice Dist. Inc.,67476,2026-04-17,720.0000,lb,,172,404,,legacy-unattributed,2026-08-11 14:32:52.187878+00
2026-06-03,BiRite Foodservice Dist. Inc.,67476,APR 28 2026,400.0000,lb,,172,404,,legacy-unattributed,2026-08-11 14:32:52.187878+00
2026-06-03,BiRite Foodservice Dist. Inc.,67470,MAY 21 2026,10.0000,lb,,172,405,,legacy-unattributed,2026-08-11 14:32:52.187878+00
2026-06-03,BiRite Foodservice Dist. Inc.,67470,MAY 28 2026,1070.0000,lb,,172,405,,legacy-unattributed,2026-08-11 14:32:52.187878+00
2026-06-03,BiRite Foodservice Dist. Inc.,67470,MAY 29 2026,50.0000,lb,,172,405,,legacy-unattributed,2026-08-11 14:32:52.187878+00
2026-06-03,BiRite Foodservice Dist. Inc.,67470,JUN 02 2026,270.0000,lb,,172,405,,legacy-unattributed,2026-08-11 14:32:52.187878+00
2026-06-03,BiRite Foodservice Dist. Inc.,67473,MAY 21 2026,470.0000,lb,,172,406,,legacy-unattributed,2026-08-11 14:32:52.187878+00
2026-06-03,BiRite Foodservice Dist. Inc.,67473,JUN 02 2026,130.0000,lb,,172,406,,legacy-unattributed,2026-08-11 14:32:52.187878+00
2026-06-04,Sparta Foods Distributors Inc.,10304,26-02-10-CREA-002,1875.0000,lb,,179,421,,legacy-unattributed,2026-08-11 14:32:52.187878+00
2026-06-04,Sparta Foods Distributors Inc.,31011,26-04-16-UNKN-001,2500.0000,lb,,179,422,,legacy-unattributed,2026-08-11 14:32:52.187878+00
2026-06-04,Sparta Foods Distributors Inc.,10301,605182,150.0000,lb,,179,423,,legacy-unattributed,2026-08-11 14:32:52.187878+00
2026-06-04,Grassland Foods & Snacks LLC,70050,MAY 13 2026,1500.0000,lb,,154,343,,legacy-unattributed,2026-08-11 14:32:52.187878+00
2026-06-04,DiCarlo Food Service,67470,JUN 02 2026,800.0000,lb,,177,415,,legacy-unattributed,2026-08-11 14:32:52.187878+00
2026-06-04,DiCarlo Food Service,31012,605291,350.0000,lb,,177,416,,legacy-unattributed,2026-08-11 14:32:52.187878+00
2026-06-04,DiCarlo Food Service,31012,606011,250.0000,lb,,177,416,,legacy-unattributed,2026-08-11 14:32:52.187878+00
2026-06-04,DiCarlo Food Service,10305,261222444122,1650.0000,lb,,177,417,,legacy-unattributed,2026-08-11 14:32:52.187878+00
2026-06-04,DiCarlo Food Service,10306,25216,1200.0000,lb,,177,418,,legacy-unattributed,2026-08-11 14:32:52.187878+00
2026-06-04,A-1 Bakery Supply,10304,26-02-10-CREA-002,1500.0000,lb,,175,412,,legacy-unattributed,2026-08-11 14:32:52.187878+00
2026-06-09,Hialea/New Urban Farms,11033,26-05-04-DUTC-001,2000.0000,lb,,202,470,,legacy-unattributed,2026-08-11 14:32:52.187878+00
2026-06-09,Inter-County Bakers,10300,MAY 19 2026,100.0000,lb,,205,477,,legacy-unattributed,2026-08-11 14:32:52.187878+00
2026-06-09,Inter-County Bakers,10300,MAY 14 2026,100.0000,lb,,205,477,,legacy-unattributed,2026-08-11 14:32:52.187878+00
2026-06-09,Inter-County Bakers,10300,MAY 21 2026,560.0000,lb,,205,477,,legacy-unattributed,2026-08-11 14:32:52.187878+00
2026-06-09,Inter-County Bakers,10300,JUN 02 2026,40.0000,lb,,205,477,,legacy-unattributed,2026-08-11 14:32:52.187878+00
2026-06-10,Ginsberg's Foods,10305,261222444122,300.0000,lb,,199,461,,legacy-unattributed,2026-08-11 14:32:52.187878+00
2026-06-10,Ginsberg's Foods,10302,261212585122,440.0000,lb,,199,462,,legacy-unattributed,2026-08-11 14:32:52.187878+00
2026-06-10,Ginsberg's Foods,10303,25132,110.0000,lb,,199,463,,legacy-unattributed,2026-08-11 14:32:52.187878+00
2026-06-10,Ginsberg's Foods,10306,25114,600.0000,lb,,199,464,,legacy-unattributed,2026-08-11 14:32:52.187878+00
2026-06-10,Nac Foods Corp.,10020,2026-04-21,1325.0000,lb,,195,452,,legacy-unattributed,2026-08-11 14:32:52.187878+00
2026-06-10,Nac Foods Corp.,10020,MAY 20 2026,500.0000,lb,,195,452,,legacy-unattributed,2026-08-11 14:32:52.187878+00
2026-06-10,Nac Foods Corp.,10020,MAY 28 2026,675.0000,lb,,195,452,,legacy-unattributed,2026-08-11 14:32:52.187878+00
2026-06-10,Nac Foods Corp.,10047,26-04-22-FRAN-001,500.0000,lb,,195,453,,legacy-unattributed,2026-08-11 14:32:52.187878+00
2026-06-10,Nac Foods Corp.,10302,261212585122,300.0000,lb,,195,454,,legacy-unattributed,2026-08-11 14:32:52.187878+00
2026-06-10,Greco and Sons,10302,261212585122,4400.0000,lb,,220,504,,legacy-unattributed,2026-08-11 14:32:52.187878+00
2026-06-11,DOT Foods Inc,67470,JUN 02 2026,600.0000,lb,,184,430,,legacy-unattributed,2026-08-11 14:32:52.187878+00
2026-06-11,DOT Foods Inc,67473,MAR 26 2026,60.0000,lb,,184,431,,legacy-unattributed,2026-08-11 14:32:52.187878+00
2026-06-11,DOT Foods Inc,67473,JUN 02 2026,580.0000,lb,,184,431,,legacy-unattributed,2026-08-11 14:32:52.187878+00
2026-06-11,DOT Foods Inc,67473,JUN 08 2026,360.0000,lb,,184,431,,legacy-unattributed,2026-08-11 14:32:52.187878+00
2026-06-11,DOT Foods Inc,67476,APR 28 2026,2730.0000,lb,,184,432,,legacy-unattributed,2026-08-11 14:32:52.187878+00
2026-06-11,DOT Foods Inc,67476,MAY 28 2026,2520.0000,lb,,184,432,,legacy-unattributed,2026-08-11 14:32:52.187878+00
2026-06-11,DOT Foods Inc,67476,JUN 02 2026,350.0000,lb,,184,432,,legacy-unattributed,2026-08-11 14:32:52.187878+00
2026-06-11,DOT Foods Inc,10001,JUN 10 2026,200.0000,lb,,184,433,,legacy-unattributed,2026-08-11 14:32:52.187878+00
2026-06-11,Sunshine Granola,70003,26-02-25,3375.0000,lb,SUNSHINE-RECON-2026,,,,legacy-unattributed,2026-08-11 14:32:52.187878+00
2026-06-11,Sunshine Granola,70003,BB021627,4500.0000,lb,SUNSHINE-RECON-2026,,,,legacy-unattributed,2026-08-11 14:32:52.187878+00
2026-06-11,Sunshine Granola,70003,BB022427 Lot,562.5000,lb,SUNSHINE-RECON-2026,,,,legacy-unattributed,2026-08-11 14:32:52.187878+00
2026-06-11,Sunshine Granola,70003,BB030327,247.5000,lb,SUNSHINE-RECON-2026,,,,legacy-unattributed,2026-08-11 14:32:52.187878+00
2026-06-11,Sunshine Granola,70003,BB041327,6750.0000,lb,SUNSHINE-RECON-2026,,,,legacy-unattributed,2026-08-11 14:32:52.187878+00
2026-06-11,Sunshine Granola,70003,BB041327 Lot,2250.0000,lb,SUNSHINE-RECON-2026,,,,legacy-unattributed,2026-08-11 14:32:52.187878+00
2026-06-11,Sunshine Granola,70003,BB050427,7740.0000,lb,SUNSHINE-RECON-2026,,,,legacy-unattributed,2026-08-11 14:32:52.187878+00
2026-06-11,Sunshine Granola,70003,BB052627,2250.0000,lb,SUNSHINE-RECON-2026,,,,legacy-unattributed,2026-08-11 14:32:52.187878+00
2026-06-11,Sunshine Granola,70003,BB060127,1125.0000,lb,SUNSHINE-RECON-2026,,,,legacy-unattributed,2026-08-11 14:32:52.187878+00
2026-06-11,Sunshine Granola,70003,FEB 13 2026,2865.0000,lb,SUNSHINE-RECON-2026,,,,legacy-unattributed,2026-08-11 14:32:52.187878+00
2026-06-11,Sunshine Granola,70003,FEB 18 2026,2002.5000,lb,SUNSHINE-RECON-2026,,,,legacy-unattributed,2026-08-11 14:32:52.187878+00
2026-06-11,Sunshine Granola,70003,MAY 01 2026,1125.0000,lb,SUNSHINE-RECON-2026,,,,legacy-unattributed,2026-08-11 14:32:52.187878+00
2026-06-11,Sunshine Granola,70070,B26-0302-003,1050.0000,lb,SUNSHINE-RECON-2026,,,,legacy-unattributed,2026-08-11 14:32:52.187878+00
2026-06-11,Sunshine Granola,70002,BB022427,900.0000,lb,SUNSHINE-RECON-2026,,,,legacy-unattributed,2026-08-11 14:32:52.187878+00
2026-06-11,Sunshine Granola,70002,BB030327,2017.5000,lb,SUNSHINE-RECON-2026,,,,legacy-unattributed,2026-08-11 14:32:52.187878+00
2026-06-11,Sunshine Granola,70002,BB041327,1980.0000,lb,SUNSHINE-RECON-2026,,,,legacy-unattributed,2026-08-11 14:32:52.187878+00
2026-06-11,Sunshine Granola,70002,FEB 16 2026,1852.5000,lb,SUNSHINE-RECON-2026,,,,legacy-unattributed,2026-08-11 14:32:52.187878+00
2026-06-11,Sunshine Granola,70010,B26-0302-002,1065.0000,lb,SUNSHINE-RECON-2026,,,,legacy-unattributed,2026-08-11 14:32:52.187878+00
2026-06-12,American Classic Specialties,10305,261222444122,1000.0000,lb,,203,471,,legacy-unattributed,2026-08-11 14:32:52.187878+00
2026-06-12,American Classic Specialties,10306,26-06-05-EURO-001,1000.0000,lb,,203,472,,legacy-unattributed,2026-08-11 14:32:52.187878+00
2026-06-12,American Classic Specialties,10300,JUN 02 2026,100.0000,lb,,203,473,,legacy-unattributed,2026-08-11 14:32:52.187878+00
2026-06-12,American Classic Specialties,10010,MAY 18 2026,100.0000,lb,,203,474,,legacy-unattributed,2026-08-11 14:32:52.187878+00
2026-06-12,Superedibles,70012,MAY 21 2026,1000.0000,lb,,180,424,,legacy-unattributed,2026-08-11 14:32:52.187878+00
2026-06-15,RESTAURANT DEPOT/Jetro Haines City #407,893,JUN 01 2026,4200.0000,lb,,151,337,,legacy-unattributed,2026-08-11 14:32:52.187878+00
2026-06-15,RESTAURANT DEPOT/Jetro Haines City #407,893,JUN 03 2026,4200.0000,lb,,151,337,,legacy-unattributed,2026-08-11 14:32:52.187878+00
2026-06-15,RESTAURANT DEPOT/Jetro Haines City #407,893,JUN 04 2026,4200.0000,lb,,151,337,,legacy-unattributed,2026-08-11 14:32:52.187878+00
2026-06-15,RESTAURANT DEPOT/Jetro Haines City #407,893,JUN 10 2026,4200.0000,lb,,151,337,,legacy-unattributed,2026-08-11 14:32:52.187878+00
2026-06-15,RESTAURANT DEPOT/Jetro Haines City #407,893,JUN 11 2026,7000.0000,lb,,151,337,,legacy-unattributed,2026-08-11 14:32:52.187878+00
2026-06-15,RESTAURANT DEPOT/Jetro Haines City #407,893,JUN 12 2026,1350.0000,lb,,151,337,,legacy-unattributed,2026-08-11 14:32:52.187878+00
2026-06-15,RESTAURANT DEPOT/Jetro Haines City #407,1614,MAY 21 2026,2800.0000,lb,,151,338,,legacy-unattributed,2026-08-11 14:32:52.187878+00
2026-06-15,RESTAURANT DEPOT/Jetro Haines City #407,1614,MAY 28 2026,5600.0000,lb,,151,338,,legacy-unattributed,2026-08-11 14:32:52.187878+00
2026-06-15,RESTAURANT DEPOT/Jetro Haines City #407,1614,JUN 01 2026,1400.0000,lb,,151,338,,legacy-unattributed,2026-08-11 14:32:52.187878+00
2026-06-15,Clark Associate Inc.,31012,606011,600.0000,lb,,198,459,,legacy-unattributed,2026-08-11 14:32:52.187878+00
2026-06-15,Clark Associate Inc.,31012,606051,800.0000,lb,,198,459,,legacy-unattributed,2026-08-11 14:32:52.187878+00
2026-06-15,Clark Associate Inc.,31011,26-04-16-UNKN-001,5150.0000,lb,,198,460,,legacy-unattributed,2026-08-11 14:32:52.187878+00
2026-06-15,Clark Associate Inc.,31011,26-06-09-CREA-001,1850.0000,lb,,198,460,,legacy-unattributed,2026-08-11 14:32:52.187878+00
2026-06-15,Clark Associate Inc.,31011,26-06-09-CREA-001,8750.0000,lb,,196,456,,legacy-unattributed,2026-08-11 14:32:52.187878+00
2026-06-15,RESTAURANT DEPOT/Jetro Haines City #407,893,JUN 12 2026,50.0000,lb,,151,337,,legacy-unattributed,2026-08-11 14:32:52.187878+00
2026-06-15,RESTAURANT DEPOT/Jetro Haines City #407,893,JUN 15 2026,1400.0000,lb,,151,337,,legacy-unattributed,2026-08-11 14:32:52.187878+00
2026-06-16,Clark Associate Inc.,31012,606051,4200.0000,lb,,197,457,,legacy-unattributed,2026-08-11 14:32:52.187878+00
2026-06-16,Clark Associate Inc.,31011,26-06-09-CREA-001,1750.0000,lb,,197,458,,legacy-unattributed,2026-08-11 14:32:52.187878+00
2026-06-18,International Gourmet Foods Inc,10300,JUN 02 2026,400.0000,lb,,219,499,,legacy-unattributed,2026-08-11 14:32:52.187878+00
2026-06-18,International Gourmet Foods Inc,10303,25132,200.0000,lb,,219,500,,legacy-unattributed,2026-08-11 14:32:52.187878+00
2026-06-18,International Gourmet Foods Inc,10302,261212585122,240.0000,lb,,219,501,,legacy-unattributed,2026-08-11 14:32:52.187878+00
2026-06-18,International Gourmet Foods Inc,31012,606051,600.0000,lb,,219,502,,legacy-unattributed,2026-08-11 14:32:52.187878+00
2026-06-18,International Gourmet Foods Inc,31012,606121,200.0000,lb,,219,502,,legacy-unattributed,2026-08-11 14:32:52.187878+00
2026-06-18,International Gourmet Foods Inc,31011,26-06-09-CREA-001,50.0000,lb,,219,503,,legacy-unattributed,2026-08-11 14:32:52.187878+00
2026-06-19,Grassland Foods & Snacks LLC,70050,MAY 13 2026,1500.0000,lb,,154,343,,legacy-unattributed,2026-08-11 14:32:52.187878+00
2026-06-19,Hialea/New Urban Farms,70050,MAY 13 2026,925.0000,lb,,228,529,,legacy-unattributed,2026-08-11 14:32:52.187878+00
2026-06-19,Hialea/New Urban Farms,70050,MAY 19 2026,575.0000,lb,,228,529,,legacy-unattributed,2026-08-11 14:32:52.187878+00
2026-06-23,Wards Ice Cream,10303,25132,400.0000,lb,,226,521,,legacy-unattributed,2026-08-11 14:32:52.187878+00
2026-06-23,Wards Ice Cream,10001,JUN 19 2026,100.0000,lb,,226,522,,legacy-unattributed,2026-08-11 14:32:52.187878+00
2026-06-23,Wards Ice Cream,10304,26-02-10-CREA-002,125.0000,lb,,226,523,,legacy-unattributed,2026-08-11 14:32:52.187878+00
2026-06-23,David Rosen Bakery Supply,10300,JUN 02 2026,100.0000,lb,,229,530,,legacy-unattributed,2026-08-11 14:32:52.187878+00
2026-06-23,David Rosen Bakery Supply,10304,26-02-10-CREA-002,1725.0000,lb,,229,531,,legacy-unattributed,2026-08-11 14:32:52.187878+00
2026-06-23,David Rosen Bakery Supply,10304,26-06-02-CREA-001,2775.0000,lb,,229,531,,legacy-unattributed,2026-08-11 14:32:52.187878+00
2026-06-24,OG Fresh,70012,JUN 02 2026,150.0000,lb,,222,510,,legacy-unattributed,2026-08-11 14:32:52.187878+00
2026-06-24,Olympic Mountain Ice Cream,10010,JUN 19 2026,1350.0000,lb,,204,475,,legacy-unattributed,2026-08-11 14:32:52.187878+00
2026-06-24,Olympic Mountain Ice Cream,10001,JUN 19 2026,50.0000,lb,,204,476,,legacy-unattributed,2026-08-11 14:32:52.187878+00
2026-06-25,DiCarlo Food Service,67470,JUN 02 2026,800.0000,lb,,221,505,,legacy-unattributed,2026-08-11 14:32:52.187878+00
2026-06-25,DiCarlo Food Service,31012,606121,600.0000,lb,,221,506,,legacy-unattributed,2026-08-11 14:32:52.187878+00
2026-06-25,DiCarlo Food Service,10305,261222444122,1250.0000,lb,,221,507,,legacy-unattributed,2026-08-11 14:32:52.187878+00
2026-06-25,DiCarlo Food Service,10305,26-06-10-TRIS-002,400.0000,lb,,221,507,,legacy-unattributed,2026-08-11 14:32:52.187878+00
2026-06-25,DiCarlo Food Service,10306,26-06-05-EURO-001,300.0000,lb,,221,508,,legacy-unattributed,2026-08-11 14:32:52.187878+00
2026-06-26,Wards Ice Cream,10302,261212585122,400.0000,lb,,232,537,,legacy-unattributed,2026-08-11 14:32:52.187878+00
2026-06-29,PDI Cone,10029,MAY 18 2026,50.0000,lb,,119,256,,legacy-unattributed,2026-08-11 14:32:52.187878+00
2026-06-29,PDI Cone,10029,JUN 05 2026,1925.0000,lb,,119,256,,legacy-unattributed,2026-08-11 14:32:52.187878+00
2026-06-29,PDI Cone,10029,JUN 15 2026,1875.0000,lb,,119,256,,legacy-unattributed,2026-08-11 14:32:52.187878+00
2026-06-29,PDI Cone,10029,JUN 19 2026,200.0000,lb,,119,256,,legacy-unattributed,2026-08-11 14:32:52.187878+00
2026-06-29,PDI Cone,10029,JUN 21 2026,1550.0000,lb,,119,256,,legacy-unattributed,2026-08-11 14:32:52.187878+00
2026-06-29,PDI Cone,10029,JUN 22 2026,1875.0000,lb,,119,256,,legacy-unattributed,2026-08-11 14:32:52.187878+00
2026-06-29,PDI Cone,10029,JUN 28 2026,1875.0000,lb,,119,256,,legacy-unattributed,2026-08-11 14:32:52.187878+00
2026-06-29,PDI Cone,10029,JUN 29 2026,1850.0000,lb,,119,256,,legacy-unattributed,2026-08-11 14:32:52.187878+00
2026-06-29,Clove Distributor Inc.,70060,APR 24 2026,1000.0000,lb,,206,478,,legacy-unattributed,2026-08-11 14:32:52.187878+00
2026-06-29,Restaurant Depot/Jetro-RD #436 Streetsboro OH,893,JUN 15 2026,2800.0000,lb,,158,358,,legacy-unattributed,2026-08-11 14:32:52.187878+00
2026-06-29,Restaurant Depot/Jetro-RD #436 Streetsboro OH,893,JUN 16 2026,2800.0000,lb,,158,358,,legacy-unattributed,2026-08-11 14:32:52.187878+00
2026-06-29,Restaurant Depot/Jetro-RD #436 Streetsboro OH,893,JUN 17 2026,1400.0000,lb,,158,358,,legacy-unattributed,2026-08-11 14:32:52.187878+00
2026-06-29,Restaurant Depot/Jetro-RD #436 Streetsboro OH,893,JUN 18 2026,1400.0000,lb,,158,358,,legacy-unattributed,2026-08-11 14:32:52.187878+00
2026-06-29,Restaurant Depot/Jetro-RD #436 Streetsboro OH,1614,JUN 02 2026,2800.0000,lb,,158,359,,legacy-unattributed,2026-08-11 14:32:52.187878+00
2026-06-29,Restaurant Depot/Jetro-RD #436 Streetsboro OH,1614,JUN 25 2026,2800.0000,lb,,158,359,,legacy-unattributed,2026-08-11 14:32:52.187878+00
2026-06-29,Restaurant Depot LLC #499 Commerce,893,JUN 18 2026,1400.0000,lb,,159,360,,legacy-unattributed,2026-08-11 14:32:52.187878+00
2026-06-29,Restaurant Depot LLC #499 Commerce,893,JUN 19 2026,2800.0000,lb,,159,360,,legacy-unattributed,2026-08-11 14:32:52.187878+00
2026-06-29,Restaurant Depot LLC #499 Commerce,893,JUN 22 2026,2800.0000,lb,,159,360,,legacy-unattributed,2026-08-11 14:32:52.187878+00
2026-06-29,Restaurant Depot LLC #499 Commerce,893,JUN 23 2026,4200.0000,lb,,159,360,,legacy-unattributed,2026-08-11 14:32:52.187878+00
2026-06-29,Restaurant Depot LLC #499 Commerce,893,JUN 24 2026,4200.0000,lb,,159,360,,legacy-unattributed,2026-08-11 14:32:52.187878+00
2026-06-29,Restaurant Depot LLC #499 Commerce,893,JUN 25 2026,1400.0000,lb,,159,360,,legacy-unattributed,2026-08-11 14:32:52.187878+00
2026-06-29,Restaurant Depot LLC #499 Commerce,1614,JUN 26 2026,1400.0000,lb,,159,361,,legacy-unattributed,2026-08-11 14:32:52.187878+00
2026-06-29,Restaurant Depot LLC #499 Commerce,1614,JUN 28 2026,4200.0000,lb,,159,361,,legacy-unattributed,2026-08-11 14:32:52.187878+00
2026-06-30,American Classic Specialties,10305,26-06-10-TRIS-002,1500.0000,lb,,231,534,,legacy-unattributed,2026-08-11 14:32:52.187878+00
2026-06-30,American Classic Specialties,10306,26-06-05-EURO-001,625.0000,lb,,231,535,,legacy-unattributed,2026-08-11 14:32:52.187878+00
2026-06-30,American Classic Specialties,31012,606261,100.0000,lb,,231,536,,legacy-unattributed,2026-08-11 14:32:52.187878+00
2026-06-30,Sparta Foods Distributors Inc.,10304,26-06-02-CREA-001,1875.0000,lb,,234,540,,legacy-unattributed,2026-08-11 14:32:52.187878+00
2026-07-01,Juliette Food LLC,70050,JUN 01 2026,600.0000,lb,,223,511,,legacy-unattributed,2026-08-11 14:32:52.187878+00
2026-07-01,Juliette Food LLC,70052,FEB 18 2026,600.0000,lb,,223,512,,legacy-unattributed,2026-08-11 14:32:52.187878+00
2026-07-01,Juliette Food LLC,70057,JUN 30 2026,600.0000,lb,,223,513,,legacy-unattributed,2026-08-11 14:32:52.187878+00
2026-07-01,Juliette Food LLC,70048,JUN 29 2026,600.0000,lb,,223,514,,legacy-unattributed,2026-08-11 14:32:52.187878+00
2026-07-01,Juliette Food LLC,70061,JUN 29 2026,600.0000,lb,,223,515,,legacy-unattributed,2026-08-11 14:32:52.187878+00
2026-07-01,Juliette Food LLC,70059,FEB 19 2026,600.0000,lb,,223,516,,legacy-unattributed,2026-08-11 14:32:52.187878+00
2026-07-01,Juliette Food LLC,70060,JUN 29 2026,600.0000,lb,,223,517,,legacy-unattributed,2026-08-11 14:32:52.187878+00
2026-07-01,Inter-County Bakers,10029,JUN 29 2026,25.0000,lb,,224,518,,legacy-unattributed,2026-08-11 14:32:52.187878+00
2026-07-01,Inter-County Bakers,10029,JUL 01 2026,350.0000,lb,,224,518,,legacy-unattributed,2026-08-11 14:32:52.187878+00
2026-07-01,Inter-County Bakers,10300,JUN 02 2026,300.0000,lb,,224,519,,legacy-unattributed,2026-08-11 14:32:52.187878+00
2026-07-01,Inter-County Bakers,10300,JUN 02 2026,100.0000,lb,,224,519,,legacy-unattributed,2026-08-11 14:32:52.187878+00
2026-07-02,PDI Cone,10029,JUL 01 2026,1100.0000,lb,,235,541,,legacy-unattributed,2026-08-11 14:32:52.187878+00
2026-07-02,PDI Cone,10029,APR 24 2026,700.0000,lb,,235,541,,legacy-unattributed,2026-08-11 14:32:52.187878+00
2026-07-07,RESTAURANT DEPOT/Jetro Haines City #407,893,JUN 25 2026,1400.0000,lb,,178,419,,legacy-unattributed,2026-08-11 14:32:52.187878+00
2026-07-07,RESTAURANT DEPOT/Jetro Haines City #407,893,JUN 29 2026,2800.0000,lb,,178,419,,legacy-unattributed,2026-08-11 14:32:52.187878+00
2026-07-07,RESTAURANT DEPOT/Jetro Haines City #407,893,JUN 30 2026,2800.0000,lb,,178,419,,legacy-unattributed,2026-08-11 14:32:52.187878+00
2026-07-07,RESTAURANT DEPOT/Jetro Haines City #407,893,JUL 01 2026,2800.0000,lb,,178,419,,legacy-unattributed,2026-08-11 14:32:52.187878+00
2026-07-07,RESTAURANT DEPOT/Jetro Haines City #407,893,JUL 02 2026,4200.0000,lb,,178,419,,legacy-unattributed,2026-08-11 14:32:52.187878+00
2026-07-07,RESTAURANT DEPOT/Jetro Haines City #407,1614,JUN 29 2026,1400.0000,lb,,178,420,,legacy-unattributed,2026-08-11 14:32:52.187878+00
2026-07-07,RESTAURANT DEPOT/Jetro Haines City #407,1614,JUN 30 2026,2800.0000,lb,,178,420,,legacy-unattributed,2026-08-11 14:32:52.187878+00
2026-07-07,RESTAURANT DEPOT/Jetro Haines City #407,1614,JUL 01 2026,4200.0000,lb,,178,420,,legacy-unattributed,2026-08-11 14:32:52.187878+00
2026-07-07,RESTAURANT DEPOT/Jetro Haines City #407,1614,JUL 02 2026,7000.0000,lb,,178,420,,legacy-unattributed,2026-08-11 14:32:52.187878+00
2026-07-07,RESTAURANT DEPOT/Jetro Haines City #407,1614,JUL 06 2026,7000.0000,lb,,178,420,,legacy-unattributed,2026-08-11 14:32:52.187878+00
2026-07-07,Oh Nuts,70050,JUN 01 2026,750.0000,lb,,225,520,,legacy-unattributed,2026-08-11 14:32:52.187878+00
2026-07-08,Ginsberg's Foods,10305,26-06-10-TRIS-002,600.0000,lb,,239,546,,legacy-unattributed,2026-08-11 14:32:52.187878+00
2026-07-08,Ginsberg's Foods,10302,261212585122,220.0000,lb,,239,547,,legacy-unattributed,2026-08-11 14:32:52.187878+00
2026-07-08,Ginsberg's Foods,10303,25132,220.0000,lb,,239,548,,legacy-unattributed,2026-08-11 14:32:52.187878+00
2026-07-08,Ginsberg's Foods,10306,26-06-05-EURO-001,300.0000,lb,,239,549,,legacy-unattributed,2026-08-11 14:32:52.187878+00
2026-07-08,Dingman's Dairy,10300,JUL 07 2026,400.0000,lb,,200,465,,legacy-unattributed,2026-08-11 14:32:52.187878+00
2026-07-08,Dingman's Dairy,31012,607021,200.0000,lb,,200,466,,legacy-unattributed,2026-08-11 14:32:52.187878+00
2026-07-08,Dingman's Dairy,10010,JUL 01 2026,400.0000,lb,,200,467,,legacy-unattributed,2026-08-11 14:32:52.187878+00
2026-07-08,Dingman's Dairy,10002,MAR 26 2026,200.0000,lb,,200,574,,legacy-unattributed,2026-08-11 14:32:52.187878+00
2026-07-09,DOT Foods Inc,67470,JUN 02 2026,50.0000,lb,,227,524,,legacy-unattributed,2026-08-11 14:32:52.187878+00
2026-07-09,DOT Foods Inc,67470,JUN 08 2026,750.0000,lb,,227,524,,legacy-unattributed,2026-08-11 14:32:52.187878+00
2026-07-09,DOT Foods Inc,67476,JUN 02 2026,740.0000,lb,,227,526,,legacy-unattributed,2026-08-11 14:32:52.187878+00
2026-07-09,DOT Foods Inc,67476,JUN 08 2026,1470.0000,lb,,227,526,,legacy-unattributed,2026-08-11 14:32:52.187878+00
2026-07-09,DOT Foods Inc,67476,JUN 09 2026,590.0000,lb,,227,526,,legacy-unattributed,2026-08-11 14:32:52.187878+00
2026-07-09,DOT Foods Inc,31012,607011,10.0000,lb,,227,527,,legacy-unattributed,2026-08-11 14:32:52.187878+00
2026-07-09,DOT Foods Inc,67473,JUN 08 2026,360.0000,lb,,227,525,,legacy-unattributed,2026-08-11 14:32:52.187878+00
2026-07-09,DOT Foods Inc,67473,JUL 09 2026,40.0000,lb,,227,525,,legacy-unattributed,2026-08-11 14:32:52.187878+00
2026-07-09,DOT Foods Inc,10001,JUL 09 2026,400.0000,lb,,227,528,,legacy-unattributed,2026-08-11 14:32:52.187878+00
2026-07-13,Tauros NY Style Cheesecakes,31011,26-06-09-CREA-001,500.0000,lb,,253,585,,legacy-unattributed,2026-08-11 14:32:52.187878+00
2026-07-13,Ace Endico,67470,JUN 08 2026,330.0000,lb,,233,538,,legacy-unattributed,2026-08-11 14:32:52.187878+00
2026-07-13,Ace Endico,67473,JUL 09 2026,20.0000,lb,,233,539,,legacy-unattributed,2026-08-11 14:32:52.187878+00
2026-07-13,Ace Endico,67470,JUL 13 2026,1070.0000,lb,,233,538,,legacy-unattributed,2026-08-11 14:32:52.187878+00
2026-07-13,Ace Endico,67473,JUL 13 2026,180.0000,lb,,233,539,,legacy-unattributed,2026-08-11 14:32:52.187878+00
2026-07-13,DiCarlo Food Service,67470,JUL 13 2026,600.0000,lb,,243,559,,legacy-unattributed,2026-08-11 14:32:52.187878+00
2026-07-13,DiCarlo Food Service,31012,607101,200.0000,lb,,243,560,,legacy-unattributed,2026-08-11 14:32:52.187878+00
2026-07-13,DiCarlo Food Service,10305,26-06-10-TRIS-002,2750.0000,lb,,243,561,,legacy-unattributed,2026-08-11 14:32:52.187878+00
2026-07-13,DiCarlo Food Service,10306,26-06-05-EURO-001,600.0000,lb,,243,562,,legacy-unattributed,2026-08-11 14:32:52.187878+00
2026-07-13,Inter-County Bakers,10020,MAY 28 2026,450.0000,lb,,244,564,,legacy-unattributed,2026-08-11 14:32:52.187878+00
2026-07-13,Inter-County Bakers,10020,JUN 09 2026,200.0000,lb,,244,564,,legacy-unattributed,2026-08-11 14:32:52.187878+00
2026-07-13,Inter-County Bakers,10300,JUL 07 2026,400.0000,lb,,244,565,,legacy-unattributed,2026-08-11 14:32:52.187878+00
2026-07-13,Inter-County Bakers,10304,26-06-02-CREA-001,1250.0000,lb,,244,566,,legacy-unattributed,2026-08-11 14:32:52.187878+00
2026-07-13,Clark Associate Inc.,31012,607101,1400.0000,lb,,242,557,,legacy-unattributed,2026-08-11 14:32:52.187878+00
2026-07-13,Clark Associate Inc.,31011,26-06-09-CREA-001,1750.0000,lb,,242,558,,legacy-unattributed,2026-08-11 14:32:52.187878+00
2026-07-15,Hannas Gourmet,70048,JUN 29 2026,125.0000,lb,,240,550,,legacy-unattributed,2026-08-11 14:32:52.187878+00
2026-07-15,Hannas Gourmet,70050,JUN 01 2026,125.0000,lb,,240,551,,legacy-unattributed,2026-08-11 14:32:52.187878+00
2026-07-15,International Gourmet Foods Inc,10302,261212585122,500.0000,lb,,256,590,,legacy-unattributed,2026-08-11 14:32:52.187878+00
2026-07-15,International Gourmet Foods Inc,31012,607101,1800.0000,lb,,256,592,,legacy-unattributed,2026-08-11 14:32:52.187878+00
2026-07-16,"Janco Foods, Inc.",10020,JUN 09 2026,1000.0000,lb,,237,543,,legacy-unattributed,2026-08-11 14:32:52.187878+00
2026-07-16,"Janco Foods, Inc.",31012,607101,500.0000,lb,,237,544,,legacy-unattributed,2026-08-11 14:32:52.187878+00
2026-07-21,Superedibles,70012,JUL 17 2026,2000.0000,lb,,248,573,,legacy-unattributed,2026-08-11 14:32:52.187878+00
2026-07-22,Hialea/New Urban Farms,70050,JUN 01 2026,25.0000,lb,,247,572,,legacy-unattributed,2026-08-11 14:32:52.187878+00
2026-07-22,Hialea/New Urban Farms,70050,JUN 29 2026,600.0000,lb,,247,572,,legacy-unattributed,2026-08-11 14:32:52.187878+00
2026-07-22,Hialea/New Urban Farms,70050,JUL 07 2026,750.0000,lb,,247,572,,legacy-unattributed,2026-08-11 14:32:52.187878+00
2026-07-22,Hialea/New Urban Farms,70050,JUL 17 2026,125.0000,lb,,247,572,,legacy-unattributed,2026-08-11 14:32:52.187878+00
2026-07-22,Restaurant Depot / Jetro Haines City #407,1614,JUL 10 2026,4200.0000,lb,,236,542,,legacy-unattributed,2026-08-11 14:32:52.187878+00
2026-07-22,Restaurant Depot / Jetro Haines City #407,1614,JUL 13 2026,7000.0000,lb,,236,542,,legacy-unattributed,2026-08-11 14:32:52.187878+00
2026-07-22,Restaurant Depot / Jetro Haines City #407,1614,JUL 14 2026,8400.0000,lb,,236,542,,legacy-unattributed,2026-08-11 14:32:52.187878+00
2026-07-22,Restaurant Depot / Jetro Haines City #407,1614,JUL 15 2026,8400.0000,lb,,236,542,,legacy-unattributed,2026-08-11 14:32:52.187878+00
2026-07-22,Restaurant Depot / Jetro Haines City #407,1614,JUL 16 2026,8400.0000,lb,,236,542,,legacy-unattributed,2026-08-11 14:32:52.187878+00
2026-07-22,Grassland Foods & Snacks LLC,70050,JUL 17 2026,2500.0000,lb,,246,570,,legacy-unattributed,2026-08-11 14:32:52.187878+00
2026-07-22,Grassland Foods & Snacks LLC,70052,APR 27 2026,500.0000,lb,,246,571,,legacy-unattributed,2026-08-11 14:32:52.187878+00
2026-07-22,Grassland Foods & Snacks LLC,70052,JUN 29 2026,250.0000,lb,,246,571,,legacy-unattributed,2026-08-11 14:32:52.187878+00
2026-07-22,JAS Wholesale & Supply Inc.,10302,261212585122,880.0000,lb,,254,586,,legacy-unattributed,2026-08-11 14:32:52.187878+00
2026-07-22,JAS Wholesale & Supply Inc.,10303,25132,440.0000,lb,,254,587,,legacy-unattributed,2026-08-11 14:32:52.187878+00
2026-07-22,A-1 Bakery Supply,10304,26-06-02-CREA-001,1500.0000,lb,,265,613,,legacy-unattributed,2026-08-11 14:32:52.187878+00
2026-07-24,DOT Foods Inc,67470,JUL 13 2026,330.0000,lb,,249,575,,legacy-unattributed,2026-08-11 14:32:52.187878+00
2026-07-24,DOT Foods Inc,67470,JUL 22 2026,1070.0000,lb,,249,575,,legacy-unattributed,2026-08-11 14:32:52.187878+00
2026-07-24,DOT Foods Inc,67473,JUL 13 2026,20.0000,lb,,249,576,,legacy-unattributed,2026-08-11 14:32:52.187878+00
2026-07-24,DOT Foods Inc,67473,JUL 22 2026,380.0000,lb,,249,576,,legacy-unattributed,2026-08-11 14:32:52.187878+00
2026-07-24,DOT Foods Inc,67476,JUL 20 2026,2190.0000,lb,,249,577,,legacy-unattributed,2026-08-11 14:32:52.187878+00
2026-07-24,DOT Foods Inc,67476,JUL 21 2026,4810.0000,lb,,249,577,,legacy-unattributed,2026-08-11 14:32:52.187878+00
2026-07-24,DOT Foods Inc,10001,JUL 22 2026,1000.0000,lb,,249,578,,legacy-unattributed,2026-08-11 14:32:52.187878+00
2026-07-28,American Classic Specialties,10305,26-06-10-TRIS-002,875.0000,lb,,269,623,,legacy-unattributed,2026-08-11 14:32:52.187878+00
2026-07-28,American Classic Specialties,10001,JUL 27 2026,250.0000,lb,,269,624,,legacy-unattributed,2026-08-11 14:32:52.187878+00
2026-07-28,American Classic Specialties,10020,JUN 09 2026,125.0000,lb,,269,625,,legacy-unattributed,2026-08-11 14:32:52.187878+00
2026-07-28,American Classic Specialties,10010,JUL 20 2026,50.0000,lb,,269,626,,legacy-unattributed,2026-08-11 14:32:52.187878+00
2026-07-28,American Classic Specialties,10300,JUN 02 2026,150.0000,lb,,269,627,,legacy-unattributed,2026-08-11 14:32:52.187878+00
2026-07-28,"Inter-County Bakers, Inc.",10020,JUN 09 2026,500.0000,lb,,261,603,,legacy-unattributed,2026-08-11 14:32:52.187878+00
2026-07-28,"Inter-County Bakers, Inc.",10029,JUN 29 2026,250.0000,lb,,261,604,,legacy-unattributed,2026-08-11 14:32:52.187878+00
2026-07-28,"Inter-County Bakers, Inc.",10300,JUN 02 2026,150.0000,lb,,261,605,,legacy-unattributed,2026-08-11 14:32:52.187878+00
2026-07-28,"Inter-County Bakers, Inc.",10300,JUL 07 2026,250.0000,lb,,261,605,,legacy-unattributed,2026-08-11 14:32:52.187878+00
2026-07-28,"Inter-County Bakers, Inc.",10304,26-06-02-CREA-001,1250.0000,lb,,261,606,,legacy-unattributed,2026-08-11 14:32:52.187878+00
2026-07-28,Wards Ice Cream,10302,261212585122,400.0000,lb,,267,617,,legacy-unattributed,2026-08-11 14:32:52.187878+00
2026-07-28,Wards Ice Cream,10300,JUL 07 2026,100.0000,lb,,267,618,,legacy-unattributed,2026-08-11 14:32:52.187878+00
2026-07-28,Wards Ice Cream,10010,JUL 26 2026,40.0000,lb,,267,619,,legacy-unattributed,2026-08-11 14:32:52.187878+00
2026-07-28,Wards Ice Cream,10304,26-06-02-CREA-001,100.0000,lb,,267,620,,legacy-unattributed,2026-08-11 14:32:52.187878+00
2026-07-28,PDI Cone,10029,JUN 29 2026,50.0000,lb,,201,468,,legacy-unattributed,2026-08-11 14:32:52.187878+00
2026-07-28,PDI Cone,10029,JUL 10 2026,1875.0000,lb,,201,468,,legacy-unattributed,2026-08-11 14:32:52.187878+00
2026-07-28,PDI Cone,10029,JUL 13 2026,1800.0000,lb,,201,468,,legacy-unattributed,2026-08-11 14:32:52.187878+00
2026-07-28,PDI Cone,10029,JUL 19 2026,1575.0000,lb,,201,468,,legacy-unattributed,2026-08-11 14:32:52.187878+00
2026-07-28,PDI Cone,10029,JUL 20 2026,1825.0000,lb,,201,468,,legacy-unattributed,2026-08-11 14:32:52.187878+00
2026-07-28,PDI Cone,10029,JAN 18 2026,25.0000,lb,,201,468,,legacy-unattributed,2026-08-11 14:32:52.187878+00
2026-07-28,PDI Cone,10029,JUL 23 2026,1850.0000,lb,,201,468,,legacy-unattributed,2026-08-11 14:32:52.187878+00
2026-07-28,PDI Cone,10029,JUL 24 2026,1875.0000,lb,,201,468,,legacy-unattributed,2026-08-11 14:32:52.187878+00
2026-07-28,PDI Cone,10029,JUL 26 2026,1325.0000,lb,,201,468,,legacy-unattributed,2026-08-11 14:32:52.187878+00
2026-07-28,PDI Cone,10029,JUL 27 2026,300.0000,lb,,201,468,,legacy-unattributed,2026-08-11 14:32:52.187878+00
2026-07-28,Clark Core Serv.,31012,607101,300.0000,lb,,255,588,,legacy-unattributed,2026-08-11 14:32:52.187878+00
2026-07-28,Clark Core Serv.,31012,607231,3900.0000,lb,,255,588,,legacy-unattributed,2026-08-11 14:32:52.187878+00
2026-07-28,Clark Core Serv.,31011,26-06-09-CREA-001,3500.0000,lb,,255,589,,legacy-unattributed,2026-08-11 14:32:52.187878+00
2026-07-30,Blue Stripes,70073,SW2620891,6240.9900,lb,28337-I,,,,inv-recon-2026-08-17,2026-08-17 19:47:34.137693+00
2026-07-30,Blue Stripes,70074,SW2620590,1286.0700,lb,28337-I,,,,inv-recon-2026-08-17,2026-08-17 19:47:34.137693+00
2026-08-03,Somerset Syrup,10305,26-06-10-TRIS-002,500.0000,lb,,263,609,,legacy-unattributed,2026-08-11 14:32:52.187878+00
2026-08-03,Somerset Syrup,10010,JUL 26 2026,50.0000,lb,,263,610,,legacy-unattributed,2026-08-11 14:32:52.187878+00
2026-08-03,Restaurant Depot/Jetro-RD #189 Chicago IL,893,JUL 06 2026,2800.0000,lb,,245,568,,legacy-unattributed,2026-08-11 14:32:52.187878+00
2026-08-03,Restaurant Depot/Jetro-RD #189 Chicago IL,893,JUL 07 2026,1400.0000,lb,,245,568,,legacy-unattributed,2026-08-11 14:32:52.187878+00
2026-08-03,Restaurant Depot/Jetro-RD #189 Chicago IL,893,JUL 27 2026,1400.0000,lb,,245,568,,legacy-unattributed,2026-08-11 14:32:52.187878+00
2026-08-03,Restaurant Depot/Jetro-RD #189 Chicago IL,893,JUL 28 2026,4200.0000,lb,,245,568,,legacy-unattributed,2026-08-11 14:32:52.187878+00
2026-08-03,Restaurant Depot/Jetro-RD #189 Chicago IL,893,JUL 30 2026,2800.0000,lb,,245,568,,legacy-unattributed,2026-08-11 14:32:52.187878+00
2026-08-03,Restaurant Depot/Jetro-RD #189 Chicago IL,1614,JUL 21 2026,1400.0000,lb,,245,569,,legacy-unattributed,2026-08-11 14:32:52.187878+00
2026-08-03,Restaurant Depot/Jetro-RD #189 Chicago IL,1614,JUL 27 2026,2800.0000,lb,,245,569,,legacy-unattributed,2026-08-11 14:32:52.187878+00
2026-08-03,Restaurant Depot/Jetro-RD #189 Chicago IL,1614,JUL 28 2026,4200.0000,lb,,245,569,,legacy-unattributed,2026-08-11 14:32:52.187878+00
2026-08-03,Restaurant Depot/Jetro-RD #189 Chicago IL,1614,JUL 29 2026,5600.0000,lb,,245,569,,legacy-unattributed,2026-08-11 14:32:52.187878+00
2026-08-03,Restaurant Depot/Jetro-RD #189 Chicago IL,1614,JUL 30 2026,5600.0000,lb,,245,569,,legacy-unattributed,2026-08-11 14:32:52.187878+00
2026-08-03,Restaurant Depot/Jetro-RD #189 Chicago IL,1614,JUL 31 2026,4200.0000,lb,,245,569,,legacy-unattributed,2026-08-11 14:32:52.187878+00
2026-08-03,Clark Core Serv.,31012,607101,100.0000,lb,,262,607,,legacy-unattributed,2026-08-11 14:32:52.187878+00
2026-08-03,Clark Core Serv.,31012,607231,300.0000,lb,,262,607,,legacy-unattributed,2026-08-11 14:32:52.187878+00
2026-08-03,Clark Core Serv.,31012,607311,1000.0000,lb,,262,607,,legacy-unattributed,2026-08-11 14:32:52.187878+00
2026-08-03,Clark Core Serv.,31011,26-06-09-CREA-001,7000.0000,lb,,262,608,,legacy-unattributed,2026-08-11 14:32:52.187878+00
2026-08-04,Sparta Foods Distributors Inc.,10304,26-06-02-CREA-001,1875.0000,lb,,276,645,,legacy-unattributed,2026-08-11 14:32:52.187878+00
2026-08-04,Sparta Foods Distributors Inc.,31011,26-06-09-CREA-001,1690.0000,lb,,276,646,,legacy-unattributed,2026-08-11 14:32:52.187878+00
2026-08-04,Sparta Foods Distributors Inc.,31011,26-07-28-CREA-001,810.0000,lb,,276,646,,legacy-unattributed,2026-08-11 14:32:52.187878+00
2026-08-04,Sparta Foods Distributors Inc.,10301,26-06-02-CREA-001,100.0000,lb,,276,647,,legacy-unattributed,2026-08-11 14:32:52.187878+00
2026-08-04,Sparta Foods Distributors Inc.,31012,607311,100.0000,lb,,276,648,,legacy-unattributed,2026-08-11 14:32:52.187878+00
2026-08-04,BiRite Foodservice Dist. Inc.,67476,AUG 03 2026,2400.0000,lb,,268,621,,legacy-unattributed,2026-08-11 14:32:52.187878+00
2026-08-04,BiRite Foodservice Dist. Inc.,67473,JUL 22 2026,20.0000,lb,,268,622,,legacy-unattributed,2026-08-11 14:32:52.187878+00
2026-08-04,BiRite Foodservice Dist. Inc.,67473,AUG 03 2026,380.0000,lb,,268,622,,legacy-unattributed,2026-08-11 14:32:52.187878+00
2026-08-05,Clark Core Serv.,31012,607311,1400.0000,lb,,270,629,,legacy-unattributed,2026-08-11 14:32:52.187878+00
2026-08-05,Clark Core Serv.,31011,26-07-28-CREA-001,3500.0000,lb,,270,630,,legacy-unattributed,2026-08-11 14:32:52.187878+00
2026-08-05,Dingman's Dairy,31012,607311,300.0000,lb,,259,597,,legacy-unattributed,2026-08-11 14:32:52.187878+00
2026-08-05,Dingman's Dairy,10002,MAR 26 2026,200.0000,lb,,259,598,,legacy-unattributed,2026-08-11 14:32:52.187878+00
2026-08-05,Dingman's Dairy,10010,JUL 26 2026,400.0000,lb,,259,599,,legacy-unattributed,2026-08-11 14:32:52.187878+00
2026-08-06,Oh Nuts,70050,JUL 17 2026,375.0000,lb,,274,640,,legacy-unattributed,2026-08-11 14:32:52.187878+00
2026-08-06,Oh Nuts,70050,JUL 21 2026,375.0000,lb,,274,640,,legacy-unattributed,2026-08-11 14:32:52.187878+00
2026-08-06,DiCarlo Food Service,67470,JUL 22 2026,330.0000,lb,,271,631,,legacy-unattributed,2026-08-11 14:32:52.187878+00
2026-08-06,DiCarlo Food Service,67470,AUG 04 2026,70.0000,lb,,271,631,,legacy-unattributed,2026-08-11 14:32:52.187878+00
2026-08-06,DiCarlo Food Service,31012,608041,600.0000,lb,,271,632,,legacy-unattributed,2026-08-11 14:32:52.187878+00
2026-08-06,DiCarlo Food Service,10305,26-06-10-TRIS-002,3000.0000,lb,,271,633,,legacy-unattributed,2026-08-11 14:32:52.187878+00
2026-08-06,DiCarlo Food Service,10306,26-06-05-EURO-001,300.0000,lb,,271,635,,legacy-unattributed,2026-08-11 14:32:52.187878+00
2026-08-10,Nac Foods Corp.,10020,JUN 09 2026,675.0000,lb,,272,636,,legacy-unattributed,2026-08-11 14:32:52.187878+00
2026-08-10,Nac Foods Corp.,10020,JUL 09 2026,650.0000,lb,,272,636,,legacy-unattributed,2026-08-11 14:32:52.187878+00
2026-08-10,Nac Foods Corp.,10020,JUL 13 2026,1000.0000,lb,,272,636,,legacy-unattributed,2026-08-11 14:32:52.187878+00
2026-08-10,Nac Foods Corp.,10020,JUL 27 2026,175.0000,lb,,272,636,,legacy-unattributed,2026-08-11 14:32:52.187878+00
2026-08-10,Nac Foods Corp.,10047,26-04-22-FRAN-001,400.0000,lb,,272,637,,legacy-unattributed,2026-08-11 14:32:52.187878+00
2026-08-10,Nac Foods Corp.,10303,25132,100.0000,lb,,272,638,,legacy-unattributed,2026-08-11 14:32:52.187878+00
2026-08-10,David Rosen Bakery Supply,10300,JUL 07 2026,50.0000,lb,,283,659,,legacy-unattributed,2026-08-11 14:32:52.187878+00
2026-08-12,"Inter-County Bakers, Inc.",10020,JUL 27 2026,450.0000,lb,,275,641,,legacy-shared-key,2026-08-12 18:45:39.595694+00
2026-08-12,"Inter-County Bakers, Inc.",10020,AUG 06 2026,50.0000,lb,,275,641,,legacy-shared-key,2026-08-12 18:45:39.595694+00
2026-08-12,"Inter-County Bakers, Inc.",10300,JUL 07 2026,200.0000,lb,,275,642,,legacy-shared-key,2026-08-12 18:45:40.403593+00
2026-08-12,"Inter-County Bakers, Inc.",10300,AUG 03 2026,200.0000,lb,,275,642,,legacy-shared-key,2026-08-12 18:45:40.403593+00
2026-08-12,"Inter-County Bakers, Inc.",10304,26-06-02-CREA-001,1500.0000,lb,,275,643,,legacy-shared-key,2026-08-12 18:45:41.118542+00
2026-08-12,Grassland Food & Snacks LLC,70050,JUL 21 2026,625.0000,lb,,291,677,,legacy-shared-key,2026-08-12 20:50:40.46799+00
2026-08-12,Grassland Food & Snacks LLC,70050,AUG 03 2026,750.0000,lb,,291,677,,legacy-shared-key,2026-08-12 20:50:40.46799+00
2026-08-12,Grassland Food & Snacks LLC,70050,AUG 11 2026,200.0000,lb,,291,677,,legacy-shared-key,2026-08-12 20:50:40.46799+00
2026-08-13,Kohl Wholesale Dist.,10302,261212585122,360.0000,lb,,266,614,,legacy-shared-key,2026-08-13 12:53:48.700137+00
2026-08-13,Kohl Wholesale Dist.,10302,261222585122,1620.0000,lb,,266,614,,legacy-shared-key,2026-08-13 12:53:48.700137+00
2026-08-13,Kohl Wholesale Dist.,67476,AUG 03 2026,400.0000,lb,,266,615,,legacy-shared-key,2026-08-13 12:53:49.478941+00
2026-08-13,Kohl Wholesale Dist.,67473,AUG 03 2026,400.0000,lb,,266,616,,legacy-shared-key,2026-08-13 12:53:50.142251+00
2026-08-14,American Classic Specialties,10305,26-06-10-TRIS-002,875.0000,lb,,287,669,,legacy-shared-key,2026-08-14 12:05:02.048361+00
2026-08-14,American Classic Specialties,10305,26-08-03-EURO-001,125.0000,lb,,287,669,,legacy-shared-key,2026-08-14 12:05:02.048361+00
2026-08-14,American Classic Specialties,10306,26-06-05-EURO-001,1000.0000,lb,,287,670,,legacy-shared-key,2026-08-14 12:05:02.964167+00
2026-08-14,American Classic Specialties,10010,JUL 26 2026,60.0000,lb,,287,671,,legacy-shared-key,2026-08-14 12:05:03.673526+00
2026-08-14,American Classic Specialties,10010,JUL 27 2026,40.0000,lb,,287,671,,legacy-shared-key,2026-08-14 12:05:03.673526+00
2026-08-14,American Classic Specialties,10300,AUG 03 2026,150.0000,lb,,287,672,,legacy-shared-key,2026-08-14 12:05:04.449483+00
2026-08-14,Sunshine Granola,70003,BB060827,2820.0000,lb,QB-70003-YTD-NET,,,,inv-recon-2026-08-17,2026-08-17 19:47:34.59738+00
2026-08-14,Sunshine Granola,70003,BB061527,3712.5000,lb,QB-70003-YTD-NET,,,,inv-recon-2026-08-17,2026-08-17 19:47:34.59738+00
2026-08-14,Sunshine Granola,70003,BB062227,4162.5000,lb,QB-70003-YTD-NET,,,,inv-recon-2026-08-17,2026-08-17 19:47:34.59738+00
2026-08-14,Sunshine Granola,70003,BB070827,1125.0000,lb,QB-70003-YTD-NET,,,,inv-recon-2026-08-17,2026-08-17 19:47:34.59738+00
2026-08-14,Sunshine Granola,70003,BB071327,2865.0000,lb,QB-70003-YTD-NET,,,,inv-recon-2026-08-17,2026-08-17 19:47:34.59738+00
2026-08-14,Sunshine Granola,70003,BB072027,3375.0000,lb,QB-70003-YTD-NET,,,,inv-recon-2026-08-17,2026-08-17 19:47:34.59738+00
2026-08-14,Sunshine Granola,70003,BB080327,4177.5000,lb,QB-70003-YTD-NET,,,,inv-recon-2026-08-17,2026-08-17 19:47:34.59738+00
2026-08-14,Sunshine Granola,70003,BB081027,3090.0000,lb,QB-70003-YTD-NET,,,,inv-recon-2026-08-17,2026-08-17 19:47:34.59738+00
2026-08-14,Sunshine Granola,70002,BB061527,112.5000,lb,QB-70002-YTD-NET,,,,inv-recon-2026-08-17,2026-08-17 19:47:36.197608+00
2026-08-14,Sunshine Granola,70010,BB070827,2497.5000,lb,QB-LOWCARB-YTD-NET,,,,inv-recon-2026-08-17,2026-08-17 19:47:36.456981+00
2026-08-14,Sunshine Granola,70070,BB070827,2617.5000,lb,QB-LOWCARB-YTD-NET,,,,inv-recon-2026-08-17,2026-08-17 19:47:36.456981+00
2026-08-14,Sunshine Granola,70011,BB070827,2122.5000,lb,QB-70011-YTD,,,,inv-recon-2026-08-17,2026-08-17 19:47:36.913676+00
2026-08-14,Sunshine Granola,70013,BULK-#9-YTD,12115.0000,lb,QB-70013-BULK-YTD,,,,inv-recon-2026-08-17,2026-08-17 19:47:39.481673+00
2026-08-14,Sunshine Granola,70004,BULK-#1-YTD,1875.0000,lb,QB-70004-BULK-YTD,,,,inv-recon-2026-08-17,2026-08-17 19:47:40.557045+00
2026-08-17,David Rosen Bakery Supply,10300,AUG 03 2026,50.0000,lb,,295,685,,legacy-shared-key,2026-08-17 13:54:20.867273+00
2026-08-17,David Rosen Bakery Supply,10304,26-06-02-CREA-001,25.0000,lb,,295,686,,legacy-shared-key,2026-08-17 13:54:21.618987+00
2026-08-17,David Rosen Bakery Supply,10304,26-06-02-CREA-002,2975.0000,lb,,295,686,,legacy-shared-key,2026-08-17 13:54:21.618987+00
2026-08-17,Ace Endico,67470,AUG 04 2026,1400.0000,lb,,285,663,,legacy-shared-key,2026-08-17 16:50:22.011493+00
2026-08-17,Ace Endico,67473,AUG 03 2026,300.0000,lb,,285,664,,legacy-shared-key,2026-08-17 16:50:22.727027+00
2026-08-17,Ace Endico,67473,AUG 13 2026,100.0000,lb,,285,664,,legacy-shared-key,2026-08-17 16:50:22.727027+00
2026-08-17,Ace Endico,10304,26-06-02-CREA-002,300.0000,lb,,285,665,,legacy-shared-key,2026-08-17 16:50:23.438454+00
2026-08-17,DOT Foods Inc,67470,AUG 04 2026,340.0000,lb,,277,650,,legacy-shared-key,2026-08-17 17:04:55.390904+00
2026-08-17,DOT Foods Inc,67470,AUG 13 2026,260.0000,lb,,277,650,,legacy-shared-key,2026-08-17 17:04:55.390904+00
2026-08-17,DOT Foods Inc,67476,AUG 03 2026,110.0000,lb,,277,651,,legacy-shared-key,2026-08-17 17:04:56.167636+00
2026-08-17,DOT Foods Inc,67476,AUG 04 2026,1470.0000,lb,,277,651,,legacy-shared-key,2026-08-17 17:04:56.167636+00
2026-08-17,DOT Foods Inc,67476,AUG 05 2026,1220.0000,lb,,277,651,,legacy-shared-key,2026-08-17 17:04:56.167636+00
2026-08-17,DOT Foods Inc,10001,AUG 05 2026,800.0000,lb,,277,652,,legacy-shared-key,2026-08-17 17:04:56.939664+00
2026-08-17,Restaurant Depot/Jetro-RD #436 Streetsboro OH,893,JUL 30 2026,1400.0000,lb,,258,595,,legacy-shared-key,2026-08-17 18:33:56.044807+00
2026-08-17,Restaurant Depot/Jetro-RD #436 Streetsboro OH,893,AUG 07 2026,2800.0000,lb,,258,595,,legacy-shared-key,2026-08-17 18:33:56.044807+00
2026-08-17,Restaurant Depot/Jetro-RD #436 Streetsboro OH,893,AUG 10 2026,5600.0000,lb,,258,595,,legacy-shared-key,2026-08-17 18:33:56.044807+00
2026-08-17,Restaurant Depot/Jetro-RD #436 Streetsboro OH,893,AUG 11 2026,4200.0000,lb,,258,595,,legacy-shared-key,2026-08-17 18:33:56.044807+00
2026-08-17,Restaurant Depot/Jetro-RD #436 Streetsboro OH,893,AUG 12 2026,1400.0000,lb,,258,595,,legacy-shared-key,2026-08-17 18:33:56.044807+00
2026-08-17,Restaurant Depot/Jetro-RD #436 Streetsboro OH,1614,AUG 04 2026,5600.0000,lb,,258,596,,legacy-shared-key,2026-08-17 18:33:57.130557+00
2026-08-17,Restaurant Depot/Jetro-RD #436 Streetsboro OH,1614,AUG 10 2026,4200.0000,lb,,258,596,,legacy-shared-key,2026-08-17 18:33:57.130557+00
2026-08-17,Hialea/New Urban Farms,11033,26-06-08-DUTC-001,2000.0000,lb,,289,675,,legacy-shared-key,2026-08-17 19:59:55.092282+00
2026-08-19,International Gourmet Foods Inc,10302,261222585122,600.0000,lb,,286,666,,legacy-shared-key,2026-08-19 15:20:42.18918+00
2026-08-19,International Gourmet Foods Inc,31012,608101,1340.0000,lb,,286,667,,legacy-shared-key,2026-08-19 15:20:42.991608+00
2026-08-19,International Gourmet Foods Inc,10300,JUL 07 2026,160.0000,lb,,286,668,,legacy-shared-key,2026-08-19 15:20:43.719513+00
2026-08-19,Greco and Sons,10302,261222585122,4380.0000,lb,,294,684,,legacy-shared-key,2026-08-19 17:42:47.015386+00
2026-08-19,Greco and Sons,10302,26-06-10-TRIS-001,20.0000,lb,,294,684,,legacy-shared-key,2026-08-19 17:42:47.015386+00
2026-08-19,Clark Core Serv.,10047,26-04-22-FRAN-001,1600.0000,lb,,284,660,,legacy-shared-key,2026-08-19 20:39:41.294548+00
2026-08-19,Clark Core Serv.,31012,608101,1400.0000,lb,,284,661,,legacy-shared-key,2026-08-19 20:39:42.043143+00
2026-08-19,Clark Core Serv.,31011,26-07-28-CREA-001,1750.0000,lb,,284,662,,legacy-shared-key,2026-08-19 20:39:42.729613+00
2026-08-20,Clark Core Serv.,31012,608101,1400.0000,lb,,278,653,,legacy-shared-key,2026-08-20 21:02:31.501458+00
2026-08-20,Clark Core Serv.,31011,26-07-28-CREA-001,1750.0000,lb,,278,654,,legacy-shared-key,2026-08-20 21:02:32.25419+00
2026-08-24,Dingman's Dairy,10300,AUG 14 2026,100.0000,lb,,292,678,,legacy-shared-key,2026-08-24 16:10:41.353828+00
2026-08-24,Dingman's Dairy,31012,608101,200.0000,lb,,292,679,,legacy-shared-key,2026-08-24 16:10:42.200095+00
2026-08-24,Dingman's Dairy,10002,AUG 04 2026,160.0000,lb,,292,680,,legacy-shared-key,2026-08-24 16:10:42.939653+00
2026-08-24,Dingman's Dairy,10002,AGO 19 2026,240.0000,lb,,292,680,,legacy-shared-key,2026-08-24 16:10:42.939653+00
2026-08-24,Dingman's Dairy,10010,JUL 27 2026,60.0000,lb,,292,681,,legacy-shared-key,2026-08-24 16:10:43.755667+00
2026-08-24,Dingman's Dairy,10010,AUG 21 2026,140.0000,lb,,292,681,,legacy-shared-key,2026-08-24 16:10:43.755667+00
2026-08-24,Wards Ice Cream,10303,25132,300.0000,lb,,304,703,,legacy-shared-key,2026-08-24 16:11:24.33005+00
2026-08-24,Wards Ice Cream,10302,26-06-10-TRIS-001,300.0000,lb,,304,704,,legacy-shared-key,2026-08-24 16:11:25.075637+00
2026-08-24,Wards Ice Cream,10010,AUG 21 2026,20.0000,lb,,304,705,,legacy-shared-key,2026-08-24 16:11:25.819589+00
2026-08-24,Wards Ice Cream,10001,AUG 20 2026,70.0000,lb,,304,706,,legacy-shared-key,2026-08-24 16:11:26.566557+00
2026-08-24,Oh Nuts,70050,MAY 13 2026,125.0000,lb,,301,697,,legacy-shared-key,2026-08-24 16:12:21.340412+00
2026-08-24,Oh Nuts,70050,JUL 21 2026,325.0000,lb,,301,697,,legacy-shared-key,2026-08-24 16:12:21.340412+00
2026-08-24,Oh Nuts,70050,AUG 12 2026,550.0000,lb,,301,697,,legacy-shared-key,2026-08-24 16:12:21.340412+00
