sheet_id,area,count_date,counter,start_time,end_time,row_id,product_id,SKU,name,row_kind,lot_code,quantity,unit,partial_cases,location,bin_id,counted_time,estimated,tag_id,physical_marker,notes
S001,,,,,,S001-P1-1,1,11001,Allulose,COUNT,,,lb,,,,,,,,
S001,,,,,,S001-P1-2,1,11001,Allulose,COUNT,,,lb,,,,,,,,
S001,,,,,,S001-P1-3,1,11001,Allulose,COUNT,,,lb,,,,,,,,
S001,,,,,,S001-P1-4,1,11001,Allulose,UNIDENTIFIED,,,lb,,,,,,,,
S001,,,,,,S001-P2-1,2,11002,Almonds – Diced,COUNT,,,lb,,,,,,,,
S001,,,,,,S001-P2-2,2,11002,Almonds – Diced,COUNT,,,lb,,,,,,,,
S001,,,,,,S001-P2-3,2,11002,Almonds – Diced,COUNT,,,lb,,,,,,,,
S001,,,,,,S001-P2-4,2,11002,Almonds – Diced,UNIDENTIFIED,,,lb,,,,,,,,
S002,,,,,,S002-P3-1,3,11003,Almonds – Sliced,COUNT,,,lb,,,,,,,,
S002,,,,,,S002-P3-2,3,11003,Almonds – Sliced,COUNT,,,lb,,,,,,,,
S002,,,,,,S002-P3-3,3,11003,Almonds – Sliced,COUNT,,,lb,,,,,,,,
S002,,,,,,S002-P3-4,3,11003,Almonds – Sliced,UNIDENTIFIED,,,lb,,,,,,,,
S002,,,,,,S002-P4-1,4,11004,Almonds – Slivered,COUNT,,,lb,,,,,,,,
S002,,,,,,S002-P4-2,4,11004,Almonds – Slivered,COUNT,,,lb,,,,,,,,
S002,,,,,,S002-P4-3,4,11004,Almonds – Slivered,COUNT,,,lb,,,,,,,,
S002,,,,,,S002-P4-4,4,11004,Almonds – Slivered,UNIDENTIFIED,,,lb,,,,,,,,
S003,,,,,,S003-P54-1,54,15001,BS Almond Butter,COUNT,,,lb,,,,,,,,
S003,,,,,,S003-P54-2,54,15001,BS Almond Butter,COUNT,,,lb,,,,,,,,
S003,,,,,,S003-P54-3,54,15001,BS Almond Butter,COUNT,,,lb,,,,,,,,
S003,,,,,,S003-P54-4,54,15001,BS Almond Butter,UNIDENTIFIED,,,lb,,,,,,,,
S003,,,,,,S003-P55-1,55,15002,BS Almonds – Sliced – Raw,COUNT,,,lb,,,,,,,,
S003,,,,,,S003-P55-2,55,15002,BS Almonds – Sliced – Raw,COUNT,,,lb,,,,,,,,
S003,,,,,,S003-P55-3,55,15002,BS Almonds – Sliced – Raw,COUNT,,,lb,,,,,,,,
S003,,,,,,S003-P55-4,55,15002,BS Almonds – Sliced – Raw,UNIDENTIFIED,,,lb,,,,,,,,
S004,,,,,,S004-P56-1,56,15003,BS Banana Bites – Small,COUNT,,,lb,,,,,,,,
S004,,,,,,S004-P56-2,56,15003,BS Banana Bites – Small,COUNT,,,lb,,,,,,,,
S004,,,,,,S004-P56-3,56,15003,BS Banana Bites – Small,COUNT,,,lb,,,,,,,,
S004,,,,,,S004-P56-4,56,15003,BS Banana Bites – Small,UNIDENTIFIED,,,lb,,,,,,,,
S004,,,,,,S004-P57-1,57,15004,BS Cacao Fruit Sugar,COUNT,,,lb,,,,,,,,
S004,,,,,,S004-P57-2,57,15004,BS Cacao Fruit Sugar,COUNT,,,lb,,,,,,,,
S004,,,,,,S004-P57-3,57,15004,BS Cacao Fruit Sugar,COUNT,,,lb,,,,,,,,
S004,,,,,,S004-P57-4,57,15004,BS Cacao Fruit Sugar,UNIDENTIFIED,,,lb,,,,,,,,
S005,,,,,,S005-P58-1,58,15005,BS Cacao Nibs,COUNT,,,lb,,,,,,,,
S005,,,,,,S005-P58-2,58,15005,BS Cacao Nibs,COUNT,,,lb,,,,,,,,
S005,,,,,,S005-P58-3,58,15005,BS Cacao Nibs,COUNT,,,lb,,,,,,,,
S005,,,,,,S005-P58-4,58,15005,BS Cacao Nibs,UNIDENTIFIED,,,lb,,,,,,,,
S005,,,,,,S005-P59-1,59,15006,BS Cacao Shell Flour,COUNT,,,lb,,,,,,,,
S005,,,,,,S005-P59-2,59,15006,BS Cacao Shell Flour,COUNT,,,lb,,,,,,,,
S005,,,,,,S005-P59-3,59,15006,BS Cacao Shell Flour,COUNT,,,lb,,,,,,,,
S005,,,,,,S005-P59-4,59,15006,BS Cacao Shell Flour,UNIDENTIFIED,,,lb,,,,,,,,
S006,,,,,,S006-P60-1,60,15007,BS Chia Seeds,COUNT,,,lb,,,,,,,,
S006,,,,,,S006-P60-2,60,15007,BS Chia Seeds,COUNT,,,lb,,,,,,,,
S006,,,,,,S006-P60-3,60,15007,BS Chia Seeds,COUNT,,,lb,,,,,,,,
S006,,,,,,S006-P60-4,60,15007,BS Chia Seeds,UNIDENTIFIED,,,lb,,,,,,,,
S006,,,,,,S006-P61-1,61,15008,BS Cocoa Liquor – Chips,COUNT,,,lb,,,,,,,,
S006,,,,,,S006-P61-2,61,15008,BS Cocoa Liquor – Chips,COUNT,,,lb,,,,,,,,
S006,,,,,,S006-P61-3,61,15008,BS Cocoa Liquor – Chips,COUNT,,,lb,,,,,,,,
S006,,,,,,S006-P61-4,61,15008,BS Cocoa Liquor – Chips,UNIDENTIFIED,,,lb,,,,,,,,
S007,,,,,,S007-P64-1,64,15011,BS Hazelnut Butter,COUNT,,,lb,,,,,,,,
S007,,,,,,S007-P64-2,64,15011,BS Hazelnut Butter,COUNT,,,lb,,,,,,,,
S007,,,,,,S007-P64-3,64,15011,BS Hazelnut Butter,COUNT,,,lb,,,,,,,,
S007,,,,,,S007-P64-4,64,15011,BS Hazelnut Butter,UNIDENTIFIED,,,lb,,,,,,,,
S007,,,,,,S007-P65-1,65,15012,BS Hazelnuts,COUNT,,,lb,,,,,,,,
S007,,,,,,S007-P65-2,65,15012,BS Hazelnuts,COUNT,,,lb,,,,,,,,
S007,,,,,,S007-P65-3,65,15012,BS Hazelnuts,COUNT,,,lb,,,,,,,,
S007,,,,,,S007-P65-4,65,15012,BS Hazelnuts,UNIDENTIFIED,,,lb,,,,,,,,
S008,,,,,,S008-P66-1,66,15013,BS Hazelnuts – Diced,COUNT,,,lb,,,,,,,,
S008,,,,,,S008-P66-2,66,15013,BS Hazelnuts – Diced,COUNT,,,lb,,,,,,,,
S008,,,,,,S008-P66-3,66,15013,BS Hazelnuts – Diced,COUNT,,,lb,,,,,,,,
S008,,,,,,S008-P66-4,66,15013,BS Hazelnuts – Diced,UNIDENTIFIED,,,lb,,,,,,,,
S008,,,,,,S008-P67-1,67,15014,BS Oats GF,COUNT,,,lb,,,,,,,,
S008,,,,,,S008-P67-2,67,15014,BS Oats GF,COUNT,,,lb,,,,,,,,
S008,,,,,,S008-P67-3,67,15014,BS Oats GF,COUNT,,,lb,,,,,,,,
S008,,,,,,S008-P67-4,67,15014,BS Oats GF,UNIDENTIFIED,,,lb,,,,,,,,
S009,,,,,,S009-P68-1,68,15015,BS Oil – Almond,COUNT,,,lb,,,,,,,,
S009,,,,,,S009-P68-2,68,15015,BS Oil – Almond,COUNT,,,lb,,,,,,,,
S009,,,,,,S009-P68-3,68,15015,BS Oil – Almond,COUNT,,,lb,,,,,,,,
S009,,,,,,S009-P68-4,68,15015,BS Oil – Almond,UNIDENTIFIED,,,lb,,,,,,,,
S009,,,,,,S009-P69-1,69,15016,BS Peanut Butter Chips,COUNT,,,lb,,,,,,,,
S009,,,,,,S009-P69-2,69,15016,BS Peanut Butter Chips,COUNT,,,lb,,,,,,,,
S009,,,,,,S009-P69-3,69,15016,BS Peanut Butter Chips,COUNT,,,lb,,,,,,,,
S009,,,,,,S009-P69-4,69,15016,BS Peanut Butter Chips,UNIDENTIFIED,,,lb,,,,,,,,
S010,,,,,,S010-P70-1,70,15019,BS Pumpkin Seeds,COUNT,,,lb,,,,,,,,
S010,,,,,,S010-P70-2,70,15019,BS Pumpkin Seeds,COUNT,,,lb,,,,,,,,
S010,,,,,,S010-P70-3,70,15019,BS Pumpkin Seeds,COUNT,,,lb,,,,,,,,
S010,,,,,,S010-P70-4,70,15019,BS Pumpkin Seeds,UNIDENTIFIED,,,lb,,,,,,,,
S010,,,,,,S010-P71-1,71,15020,BS Salt,COUNT,,,lb,,,,,,,,
S010,,,,,,S010-P71-2,71,15020,BS Salt,COUNT,,,lb,,,,,,,,
S010,,,,,,S010-P71-3,71,15020,BS Salt,COUNT,,,lb,,,,,,,,
S010,,,,,,S010-P71-4,71,15020,BS Salt,UNIDENTIFIED,,,lb,,,,,,,,
S011,,,,,,S011-P5-1,5,11005,Chia Seeds,COUNT,,,lb,,,,,,,,
S011,,,,,,S011-P5-2,5,11005,Chia Seeds,COUNT,,,lb,,,,,,,,
S011,,,,,,S011-P5-3,5,11005,Chia Seeds,COUNT,,,lb,,,,,,,,
S011,,,,,,S011-P5-4,5,11005,Chia Seeds,UNIDENTIFIED,,,lb,,,,,,,,
S011,,,,,,S011-P73-1,73,25011,"Chocolate Chips – Real – 1,000 CT",COUNT,,,lb,,,,,,,,
S011,,,,,,S011-P73-2,73,25011,"Chocolate Chips – Real – 1,000 CT",COUNT,,,lb,,,,,,,,
S011,,,,,,S011-P73-3,73,25011,"Chocolate Chips – Real – 1,000 CT",COUNT,,,lb,,,,,,,,
S011,,,,,,S011-P73-4,73,25011,"Chocolate Chips – Real – 1,000 CT",UNIDENTIFIED,,,lb,,,,,,,,
S012,,,,,,S012-P74-1,74,25012,"Chocolate Chips – Real – 10,000 CT",COUNT,,,lb,,,,,,,,
S012,,,,,,S012-P74-2,74,25012,"Chocolate Chips – Real – 10,000 CT",COUNT,,,lb,,,,,,,,
S012,,,,,,S012-P74-3,74,25012,"Chocolate Chips – Real – 10,000 CT",COUNT,,,lb,,,,,,,,
S012,,,,,,S012-P74-4,74,25012,"Chocolate Chips – Real – 10,000 CT",UNIDENTIFIED,,,lb,,,,,,,,
S012,,,,,,S012-P72-1,72,25010,"Chocolate Chips – Real – 4,000 CT",COUNT,,,lb,,,,,,,,
S012,,,,,,S012-P72-2,72,25010,"Chocolate Chips – Real – 4,000 CT",COUNT,,,lb,,,,,,,,
S012,,,,,,S012-P72-3,72,25010,"Chocolate Chips – Real – 4,000 CT",COUNT,,,lb,,,,,,,,
S012,,,,,,S012-P72-4,72,25010,"Chocolate Chips – Real – 4,000 CT",UNIDENTIFIED,,,lb,,,,,,,,
S013,,,,,,S013-P6-1,6,11006,Chocolate Chips – Sugar Free,COUNT,,,lb,,,,,,,,
S013,,,,,,S013-P6-2,6,11006,Chocolate Chips – Sugar Free,COUNT,,,lb,,,,,,,,
S013,,,,,,S013-P6-3,6,11006,Chocolate Chips – Sugar Free,COUNT,,,lb,,,,,,,,
S013,,,,,,S013-P6-4,6,11006,Chocolate Chips – Sugar Free,UNIDENTIFIED,,,lb,,,,,,,,
S013,,,,,,S013-P7-1,7,11007,Cinnamon Ground,COUNT,,,lb,,,,,,,,
S013,,,,,,S013-P7-2,7,11007,Cinnamon Ground,COUNT,,,lb,,,,,,,,
S013,,,,,,S013-P7-3,7,11007,Cinnamon Ground,COUNT,,,lb,,,,,,,,
S013,,,,,,S013-P7-4,7,11007,Cinnamon Ground,UNIDENTIFIED,,,lb,,,,,,,,
S014,,,,,,S014-P8-1,8,11008,Cocoa Powder,COUNT,,,lb,,,,,,,,
S014,,,,,,S014-P8-2,8,11008,Cocoa Powder,COUNT,,,lb,,,,,,,,
S014,,,,,,S014-P8-3,8,11008,Cocoa Powder,COUNT,,,lb,,,,,,,,
S014,,,,,,S014-P8-4,8,11008,Cocoa Powder,UNIDENTIFIED,,,lb,,,,,,,,
S014,,,,,,S014-P15-1,15,11015,Coffee – Instant,COUNT,,,lb,,,,,,,,
S014,,,,,,S014-P15-2,15,11015,Coffee – Instant,COUNT,,,lb,,,,,,,,
S014,,,,,,S014-P15-3,15,11015,Coffee – Instant,COUNT,,,lb,,,,,,,,
S014,,,,,,S014-P15-4,15,11015,Coffee – Instant,UNIDENTIFIED,,,lb,,,,,,,,
S015,,,,,,S015-P16-1,16,11016,Corn Starch,COUNT,,,lb,,,,,,,,
S015,,,,,,S015-P16-2,16,11016,Corn Starch,COUNT,,,lb,,,,,,,,
S015,,,,,,S015-P16-3,16,11016,Corn Starch,COUNT,,,lb,,,,,,,,
S015,,,,,,S015-P16-4,16,11016,Corn Starch,UNIDENTIFIED,,,lb,,,,,,,,
S015,,,,,,S015-P17-1,17,11017,Cranberries Dried,COUNT,,,lb,,,,,,,,
S015,,,,,,S015-P17-2,17,11017,Cranberries Dried,COUNT,,,lb,,,,,,,,
S015,,,,,,S015-P17-3,17,11017,Cranberries Dried,COUNT,,,lb,,,,,,,,
S015,,,,,,S015-P17-4,17,11017,Cranberries Dried,UNIDENTIFIED,,,lb,,,,,,,,
S016,,,,,,S016-P18-1,18,11018,Flavor – Almond,COUNT,,,lb,,,,,,,,
S016,,,,,,S016-P18-2,18,11018,Flavor – Almond,COUNT,,,lb,,,,,,,,
S016,,,,,,S016-P18-3,18,11018,Flavor – Almond,COUNT,,,lb,,,,,,,,
S016,,,,,,S016-P18-4,18,11018,Flavor – Almond,UNIDENTIFIED,,,lb,,,,,,,,
S016,,,,,,S016-P19-1,19,11019,Flavor – Blueberry,COUNT,,,lb,,,,,,,,
S016,,,,,,S016-P19-2,19,11019,Flavor – Blueberry,COUNT,,,lb,,,,,,,,
S016,,,,,,S016-P19-3,19,11019,Flavor – Blueberry,COUNT,,,lb,,,,,,,,
S016,,,,,,S016-P19-4,19,11019,Flavor – Blueberry,UNIDENTIFIED,,,lb,,,,,,,,
S017,,,,,,S017-P20-1,20,11020,Flavor – Chocolate,COUNT,,,lb,,,,,,,,
S017,,,,,,S017-P20-2,20,11020,Flavor – Chocolate,COUNT,,,lb,,,,,,,,
S017,,,,,,S017-P20-3,20,11020,Flavor – Chocolate,COUNT,,,lb,,,,,,,,
S017,,,,,,S017-P20-4,20,11020,Flavor – Chocolate,UNIDENTIFIED,,,lb,,,,,,,,
S017,,,,,,S017-P21-1,21,11021,Flavor – Cinnamon,COUNT,,,lb,,,,,,,,
S017,,,,,,S017-P21-2,21,11021,Flavor – Cinnamon,COUNT,,,lb,,,,,,,,
S017,,,,,,S017-P21-3,21,11021,Flavor – Cinnamon,COUNT,,,lb,,,,,,,,
S017,,,,,,S017-P21-4,21,11021,Flavor – Cinnamon,UNIDENTIFIED,,,lb,,,,,,,,
S018,,,,,,S018-P22-1,22,11022,Flavor – Coffee,COUNT,,,lb,,,,,,,,
S018,,,,,,S018-P22-2,22,11022,Flavor – Coffee,COUNT,,,lb,,,,,,,,
S018,,,,,,S018-P22-3,22,11022,Flavor – Coffee,COUNT,,,lb,,,,,,,,
S018,,,,,,S018-P22-4,22,11022,Flavor – Coffee,UNIDENTIFIED,,,lb,,,,,,,,
S018,,,,,,S018-P23-1,23,11023,Flavor – Maple,COUNT,,,lb,,,,,,,,
S018,,,,,,S018-P23-2,23,11023,Flavor – Maple,COUNT,,,lb,,,,,,,,
S018,,,,,,S018-P23-3,23,11023,Flavor – Maple,COUNT,,,lb,,,,,,,,
S018,,,,,,S018-P23-4,23,11023,Flavor – Maple,UNIDENTIFIED,,,lb,,,,,,,,
S019,,,,,,S019-P24-1,24,11024,Flavor – Raspberry,COUNT,,,lb,,,,,,,,
S019,,,,,,S019-P24-2,24,11024,Flavor – Raspberry,COUNT,,,lb,,,,,,,,
S019,,,,,,S019-P24-3,24,11024,Flavor – Raspberry,COUNT,,,lb,,,,,,,,
S019,,,,,,S019-P24-4,24,11024,Flavor – Raspberry,UNIDENTIFIED,,,lb,,,,,,,,
S019,,,,,,S019-P25-1,25,11025,Flavor – Strawberry,COUNT,,,lb,,,,,,,,
S019,,,,,,S019-P25-2,25,11025,Flavor – Strawberry,COUNT,,,lb,,,,,,,,
S019,,,,,,S019-P25-3,25,11025,Flavor – Strawberry,COUNT,,,lb,,,,,,,,
S019,,,,,,S019-P25-4,25,11025,Flavor – Strawberry,UNIDENTIFIED,,,lb,,,,,,,,
S020,,,,,,S020-P26-1,26,11026,Flavor – Vanilla,COUNT,,,lb,,,,,,,,
S020,,,,,,S020-P26-2,26,11026,Flavor – Vanilla,COUNT,,,lb,,,,,,,,
S020,,,,,,S020-P26-3,26,11026,Flavor – Vanilla,COUNT,,,lb,,,,,,,,
S020,,,,,,S020-P26-4,26,11026,Flavor – Vanilla,UNIDENTIFIED,,,lb,,,,,,,,
S020,,,,,,S020-P27-1,27,11027,Flax – Ground,COUNT,,,lb,,,,,,,,
S020,,,,,,S020-P27-2,27,11027,Flax – Ground,COUNT,,,lb,,,,,,,,
S020,,,,,,S020-P27-3,27,11027,Flax – Ground,COUNT,,,lb,,,,,,,,
S020,,,,,,S020-P27-4,27,11027,Flax – Ground,UNIDENTIFIED,,,lb,,,,,,,,
S021,,,,,,S021-P28-1,28,11028,Flax – Seed,COUNT,,,lb,,,,,,,,
S021,,,,,,S021-P28-2,28,11028,Flax – Seed,COUNT,,,lb,,,,,,,,
S021,,,,,,S021-P28-3,28,11028,Flax – Seed,COUNT,,,lb,,,,,,,,
S021,,,,,,S021-P28-4,28,11028,Flax – Seed,UNIDENTIFIED,,,lb,,,,,,,,
S021,,,,,,S021-P29-1,29,11029,Glycol,COUNT,,,lb,,,,,,,,
S021,,,,,,S021-P29-2,29,11029,Glycol,COUNT,,,lb,,,,,,,,
S021,,,,,,S021-P29-3,29,11029,Glycol,COUNT,,,lb,,,,,,,,
S021,,,,,,S021-P29-4,29,11029,Glycol,UNIDENTIFIED,,,lb,,,,,,,,
S022,,,,,,S022-P75-1,75,31011,Graham Cracker Crumbs – 50 LB,COUNT,,,lb,,,,,,,,
S022,,,,,,S022-P75-2,75,31011,Graham Cracker Crumbs – 50 LB,COUNT,,,lb,,,,,,,,
S022,,,,,,S022-P75-3,75,31011,Graham Cracker Crumbs – 50 LB,COUNT,,,lb,,,,,,,,
S022,,,,,,S022-P75-4,75,31011,Graham Cracker Crumbs – 50 LB,UNIDENTIFIED,,,lb,,,,,,,,
S022,,,,,,S022-P30-1,30,11030,Honey,COUNT,,,lb,,,,,,,,
S022,,,,,,S022-P30-2,30,11030,Honey,COUNT,,,lb,,,,,,,,
S022,,,,,,S022-P30-3,30,11030,Honey,COUNT,,,lb,,,,,,,,
S022,,,,,,S022-P30-4,30,11030,Honey,UNIDENTIFIED,,,lb,,,,,,,,
S023,,,,,,S023-P31-1,31,11031,Oat Bran,COUNT,,,lb,,,,,,,,
S023,,,,,,S023-P31-2,31,11031,Oat Bran,COUNT,,,lb,,,,,,,,
S023,,,,,,S023-P31-3,31,11031,Oat Bran,COUNT,,,lb,,,,,,,,
S023,,,,,,S023-P31-4,31,11031,Oat Bran,UNIDENTIFIED,,,lb,,,,,,,,
S023,,,,,,S023-P32-1,32,11032,Oats,COUNT,,,lb,,,,,,,,
S023,,,,,,S023-P32-2,32,11032,Oats,COUNT,,,lb,,,,,,,,
S023,,,,,,S023-P32-3,32,11032,Oats,COUNT,,,lb,,,,,,,,
S023,,,,,,S023-P32-4,32,11032,Oats,UNIDENTIFIED,,,lb,,,,,,,,
S024,,,,,,S024-P33-1,33,11033,Oats – Gluten Free,COUNT,,,lb,,,,,,,,
S024,,,,,,S024-P33-2,33,11033,Oats – Gluten Free,COUNT,,,lb,,,,,,,,
S024,,,,,,S024-P33-3,33,11033,Oats – Gluten Free,COUNT,,,lb,,,,,,,,
S024,,,,,,S024-P33-4,33,11033,Oats – Gluten Free,UNIDENTIFIED,,,lb,,,,,,,,
S024,,,,,,S024-P34-1,34,11034,Oil – Canola,COUNT,,,lb,,,,,,,,
S024,,,,,,S024-P34-2,34,11034,Oil – Canola,COUNT,,,lb,,,,,,,,
S024,,,,,,S024-P34-3,34,11034,Oil – Canola,COUNT,,,lb,,,,,,,,
S024,,,,,,S024-P34-4,34,11034,Oil – Canola,UNIDENTIFIED,,,lb,,,,,,,,
S025,,,,,,S025-P52-1,52,11052,Oil – Soybean,COUNT,,,lb,,,,,,,,
S025,,,,,,S025-P52-2,52,11052,Oil – Soybean,COUNT,,,lb,,,,,,,,
S025,,,,,,S025-P52-3,52,11052,Oil – Soybean,COUNT,,,lb,,,,,,,,
S025,,,,,,S025-P52-4,52,11052,Oil – Soybean,UNIDENTIFIED,,,lb,,,,,,,,
S025,,,,,,S025-P169-1,169,11054,Organic Madagascar Vanilla Extract,COUNT,,,lb,,,,,,,,
S025,,,,,,S025-P169-2,169,11054,Organic Madagascar Vanilla Extract,COUNT,,,lb,,,,,,,,
S025,,,,,,S025-P169-3,169,11054,Organic Madagascar Vanilla Extract,COUNT,,,lb,,,,,,,,
S025,,,,,,S025-P169-4,169,11054,Organic Madagascar Vanilla Extract,UNIDENTIFIED,,,lb,,,,,,,,
S026,,,,,,S026-P35-1,35,11035,Pumpkin Seeds,COUNT,,,lb,,,,,,,,
S026,,,,,,S026-P35-2,35,11035,Pumpkin Seeds,COUNT,,,lb,,,,,,,,
S026,,,,,,S026-P35-3,35,11035,Pumpkin Seeds,COUNT,,,lb,,,,,,,,
S026,,,,,,S026-P35-4,35,11035,Pumpkin Seeds,UNIDENTIFIED,,,lb,,,,,,,,
S026,,,,,,S026-P36-1,36,11036,Raisins,COUNT,,,lb,,,,,,,,
S026,,,,,,S026-P36-2,36,11036,Raisins,COUNT,,,lb,,,,,,,,
S026,,,,,,S026-P36-3,36,11036,Raisins,COUNT,,,lb,,,,,,,,
S026,,,,,,S026-P36-4,36,11036,Raisins,UNIDENTIFIED,,,lb,,,,,,,,
S027,,,,,,S027-P37-1,37,11037,Raspberries – Freeze Dried,COUNT,,,lb,,,,,,,,
S027,,,,,,S027-P37-2,37,11037,Raspberries – Freeze Dried,COUNT,,,lb,,,,,,,,
S027,,,,,,S027-P37-3,37,11037,Raspberries – Freeze Dried,COUNT,,,lb,,,,,,,,
S027,,,,,,S027-P37-4,37,11037,Raspberries – Freeze Dried,UNIDENTIFIED,,,lb,,,,,,,,
S027,,,,,,S027-P38-1,38,11038,Rice Flour,COUNT,,,lb,,,,,,,,
S027,,,,,,S027-P38-2,38,11038,Rice Flour,COUNT,,,lb,,,,,,,,
S027,,,,,,S027-P38-3,38,11038,Rice Flour,COUNT,,,lb,,,,,,,,
S027,,,,,,S027-P38-4,38,11038,Rice Flour,UNIDENTIFIED,,,lb,,,,,,,,
S028,,,,,,S028-P39-1,39,11039,Salt,COUNT,,,lb,,,,,,,,
S028,,,,,,S028-P39-2,39,11039,Salt,COUNT,,,lb,,,,,,,,
S028,,,,,,S028-P39-3,39,11039,Salt,COUNT,,,lb,,,,,,,,
S028,,,,,,S028-P39-4,39,11039,Salt,UNIDENTIFIED,,,lb,,,,,,,,
S028,,,,,,S028-P40-1,40,11040,Sugar – 6X,COUNT,,,lb,,,,,,,,
S028,,,,,,S028-P40-2,40,11040,Sugar – 6X,COUNT,,,lb,,,,,,,,
S028,,,,,,S028-P40-3,40,11040,Sugar – 6X,COUNT,,,lb,,,,,,,,
S028,,,,,,S028-P40-4,40,11040,Sugar – 6X,UNIDENTIFIED,,,lb,,,,,,,,
S029,,,,,,S029-P41-1,41,11041,Sugar – Cane – Organic,COUNT,,,lb,,,,,,,,
S029,,,,,,S029-P41-2,41,11041,Sugar – Cane – Organic,COUNT,,,lb,,,,,,,,
S029,,,,,,S029-P41-3,41,11041,Sugar – Cane – Organic,COUNT,,,lb,,,,,,,,
S029,,,,,,S029-P41-4,41,11041,Sugar – Cane – Organic,UNIDENTIFIED,,,lb,,,,,,,,
S029,,,,,,S029-P42-1,42,11042,Sugar – Granulated,COUNT,,,lb,,,,,,,,
S029,,,,,,S029-P42-2,42,11042,Sugar – Granulated,COUNT,,,lb,,,,,,,,
S029,,,,,,S029-P42-3,42,11042,Sugar – Granulated,COUNT,,,lb,,,,,,,,
S029,,,,,,S029-P42-4,42,11042,Sugar – Granulated,UNIDENTIFIED,,,lb,,,,,,,,
S030,,,,,,S030-P43-1,43,11043,Sugar – Invert(Cream),COUNT,,,lb,,,,,,,,
S030,,,,,,S030-P43-2,43,11043,Sugar – Invert(Cream),COUNT,,,lb,,,,,,,,
S030,,,,,,S030-P43-3,43,11043,Sugar – Invert(Cream),COUNT,,,lb,,,,,,,,
S030,,,,,,S030-P43-4,43,11043,Sugar – Invert(Cream),UNIDENTIFIED,,,lb,,,,,,,,
S030,,,,,,S030-P44-1,44,11044,Sugar – Light Brown,COUNT,,,lb,,,,,,,,
S030,,,,,,S030-P44-2,44,11044,Sugar – Light Brown,COUNT,,,lb,,,,,,,,
S030,,,,,,S030-P44-3,44,11044,Sugar – Light Brown,COUNT,,,lb,,,,,,,,
S030,,,,,,S030-P44-4,44,11044,Sugar – Light Brown,UNIDENTIFIED,,,lb,,,,,,,,
S031,,,,,,S031-P45-1,45,11045,Sugar – Monk Fruit,COUNT,,,lb,,,,,,,,
S031,,,,,,S031-P45-2,45,11045,Sugar – Monk Fruit,COUNT,,,lb,,,,,,,,
S031,,,,,,S031-P45-3,45,11045,Sugar – Monk Fruit,COUNT,,,lb,,,,,,,,
S031,,,,,,S031-P45-4,45,11045,Sugar – Monk Fruit,UNIDENTIFIED,,,lb,,,,,,,,
S031,,,,,,S031-P46-1,46,11046,Sunflower Seeds,COUNT,,,lb,,,,,,,,
S031,,,,,,S031-P46-2,46,11046,Sunflower Seeds,COUNT,,,lb,,,,,,,,
S031,,,,,,S031-P46-3,46,11046,Sunflower Seeds,COUNT,,,lb,,,,,,,,
S031,,,,,,S031-P46-4,46,11046,Sunflower Seeds,UNIDENTIFIED,,,lb,,,,,,,,
S032,,,,,,S032-P47-1,47,11047,Tapioca Syrup,COUNT,,,lb,,,,,,,,
S032,,,,,,S032-P47-2,47,11047,Tapioca Syrup,COUNT,,,lb,,,,,,,,
S032,,,,,,S032-P47-3,47,11047,Tapioca Syrup,COUNT,,,lb,,,,,,,,
S032,,,,,,S032-P47-4,47,11047,Tapioca Syrup,UNIDENTIFIED,,,lb,,,,,,,,
S032,,,,,,S032-P48-1,48,11048,Vanilla Powder,COUNT,,,lb,,,,,,,,
S032,,,,,,S032-P48-2,48,11048,Vanilla Powder,COUNT,,,lb,,,,,,,,
S032,,,,,,S032-P48-3,48,11048,Vanilla Powder,COUNT,,,lb,,,,,,,,
S032,,,,,,S032-P48-4,48,11048,Vanilla Powder,UNIDENTIFIED,,,lb,,,,,,,,
S033,,,,,,S033-P49-1,49,11049,Walnuts,COUNT,,,lb,,,,,,,,
S033,,,,,,S033-P49-2,49,11049,Walnuts,COUNT,,,lb,,,,,,,,
S033,,,,,,S033-P49-3,49,11049,Walnuts,COUNT,,,lb,,,,,,,,
S033,,,,,,S033-P49-4,49,11049,Walnuts,UNIDENTIFIED,,,lb,,,,,,,,
S033,,,,,,S033-P50-1,50,11050,Water,COUNT,,,lb,,,,,,,,
S033,,,,,,S033-P50-2,50,11050,Water,COUNT,,,lb,,,,,,,,
S033,,,,,,S033-P50-3,50,11050,Water,COUNT,,,lb,,,,,,,,
S033,,,,,,S033-P50-4,50,11050,Water,UNIDENTIFIED,,,lb,,,,,,,,
S034,,,,,,S034-P51-1,51,11051,Wheat Flakes,COUNT,,,lb,,,,,,,,
S034,,,,,,S034-P51-2,51,11051,Wheat Flakes,COUNT,,,lb,,,,,,,,
S034,,,,,,S034-P51-3,51,11051,Wheat Flakes,COUNT,,,lb,,,,,,,,
S034,,,,,,S034-P51-4,51,11051,Wheat Flakes,UNIDENTIFIED,,,lb,,,,,,,,
S034,,,,,,S034-P53-1,53,11053,White Chocolate Chips,COUNT,,,lb,,,,,,,,
S034,,,,,,S034-P53-2,53,11053,White Chocolate Chips,COUNT,,,lb,,,,,,,,
S034,,,,,,S034-P53-3,53,11053,White Chocolate Chips,COUNT,,,lb,,,,,,,,
S034,,,,,,S034-P53-4,53,11053,White Chocolate Chips,UNIDENTIFIED,,,lb,,,,,,,,
S035,,,,,,S035-P62-1,62,15009,BS Coconut Sugar,COUNT,,,lb,,,,,,,,
S035,,,,,,S035-P62-2,62,15009,BS Coconut Sugar,COUNT,,,lb,,,,,,,,
S035,,,,,,S035-P62-3,62,15009,BS Coconut Sugar,COUNT,,,lb,,,,,,,,
S035,,,,,,S035-P62-4,62,15009,BS Coconut Sugar,UNIDENTIFIED,,,lb,,,,,,,,
S035,,,,,,S035-P63-1,63,15010,BS Coconut – Chips,COUNT,,,lb,,,,,,,,
S035,,,,,,S035-P63-2,63,15010,BS Coconut – Chips,COUNT,,,lb,,,,,,,,
S035,,,,,,S035-P63-3,63,15010,BS Coconut – Chips,COUNT,,,lb,,,,,,,,
S035,,,,,,S035-P63-4,63,15010,BS Coconut – Chips,UNIDENTIFIED,,,lb,,,,,,,,
S036,,,,,,S036-P9-1,9,11009,Coconut Chips Desiccated,COUNT,,,lb,,,,,,,,
S036,,,,,,S036-P9-2,9,11009,Coconut Chips Desiccated,COUNT,,,lb,,,,,,,,
S036,,,,,,S036-P9-3,9,11009,Coconut Chips Desiccated,COUNT,,,lb,,,,,,,,
S036,,,,,,S036-P9-4,9,11009,Coconut Chips Desiccated,UNIDENTIFIED,,,lb,,,,,,,,
S036,,,,,,S036-P10-1,10,11010,Coconut Fancy Desiccated,COUNT,,,lb,,,,,,,,
S036,,,,,,S036-P10-2,10,11010,Coconut Fancy Desiccated,COUNT,,,lb,,,,,,,,
S036,,,,,,S036-P10-3,10,11010,Coconut Fancy Desiccated,COUNT,,,lb,,,,,,,,
S036,,,,,,S036-P10-4,10,11010,Coconut Fancy Desiccated,UNIDENTIFIED,,,lb,,,,,,,,
S037,,,,,,S037-P11-1,11,11011,Coconut Fine Grade Low Fat Desiccated,COUNT,,,lb,,,,,,,,
S037,,,,,,S037-P11-2,11,11011,Coconut Fine Grade Low Fat Desiccated,COUNT,,,lb,,,,,,,,
S037,,,,,,S037-P11-3,11,11011,Coconut Fine Grade Low Fat Desiccated,COUNT,,,lb,,,,,,,,
S037,,,,,,S037-P11-4,11,11011,Coconut Fine Grade Low Fat Desiccated,UNIDENTIFIED,,,lb,,,,,,,,
S037,,,,,,S037-P12-1,12,11012,Coconut Flake Desiccated,COUNT,,,lb,,,,,,,,
S037,,,,,,S037-P12-2,12,11012,Coconut Flake Desiccated,COUNT,,,lb,,,,,,,,
S037,,,,,,S037-P12-3,12,11012,Coconut Flake Desiccated,COUNT,,,lb,,,,,,,,
S037,,,,,,S037-P12-4,12,11012,Coconut Flake Desiccated,UNIDENTIFIED,,,lb,,,,,,,,
S038,,,,,,S038-P13-1,13,11013,Coconut Macaroon Desiccated,COUNT,,,lb,,,,,,,,
S038,,,,,,S038-P13-2,13,11013,Coconut Macaroon Desiccated,COUNT,,,lb,,,,,,,,
S038,,,,,,S038-P13-3,13,11013,Coconut Macaroon Desiccated,COUNT,,,lb,,,,,,,,
S038,,,,,,S038-P13-4,13,11013,Coconut Macaroon Desiccated,UNIDENTIFIED,,,lb,,,,,,,,
S038,,,,,,S038-P14-1,14,11014,Coconut Medium Desiccated,COUNT,,,lb,,,,,,,,
S038,,,,,,S038-P14-2,14,11014,Coconut Medium Desiccated,COUNT,,,lb,,,,,,,,
S038,,,,,,S038-P14-3,14,11014,Coconut Medium Desiccated,COUNT,,,lb,,,,,,,,
S038,,,,,,S038-P14-4,14,11014,Coconut Medium Desiccated,UNIDENTIFIED,,,lb,,,,,,,,
S039,,,,,,S039-P166-1,166,11055,Sweetened Flake Coconut,COUNT,,,lb,,,,,,,,
S039,,,,,,S039-P166-2,166,11055,Sweetened Flake Coconut,COUNT,,,lb,,,,,,,,
S039,,,,,,S039-P166-3,166,11055,Sweetened Flake Coconut,COUNT,,,lb,,,,,,,,
S039,,,,,,S039-P166-4,166,11055,Sweetened Flake Coconut,UNIDENTIFIED,,,lb,,,,,,,,
S040,,,,,,S040-P291-1,291,15999,WIP Banana / PB-chip mix (for PBB),COUNT,,,container,,,,,,,,
S040,,,,,,S040-P291-2,291,15999,WIP Banana / PB-chip mix (for PBB),COUNT,,,container,,,,,,,,
S040,,,,,,S040-P291-3,291,15999,WIP Banana / PB-chip mix (for PBB),COUNT,,,container,,,,,,,,
S040,,,,,,S040-P291-4,291,15999,WIP Banana / PB-chip mix (for PBB),UNIDENTIFIED,,,container,,,,,,,,
S041,,,,,,S041-P125-1,125,90003,Batch Coconut Sweetened Fancy,COUNT,,,lb,,,,,,,,
S041,,,,,,S041-P125-2,125,90003,Batch Coconut Sweetened Fancy,COUNT,,,lb,,,,,,,,
S041,,,,,,S041-P125-3,125,90003,Batch Coconut Sweetened Fancy,COUNT,,,lb,,,,,,,,
S041,,,,,,S041-P125-4,125,90003,Batch Coconut Sweetened Fancy,UNIDENTIFIED,,,lb,,,,,,,,
S041,,,,,,S041-P126-1,126,90004,Batch Coconut Sweetened Flake,COUNT,,,lb,,,,,,,,
S041,,,,,,S041-P126-2,126,90004,Batch Coconut Sweetened Flake,COUNT,,,lb,,,,,,,,
S041,,,,,,S041-P126-3,126,90004,Batch Coconut Sweetened Flake,COUNT,,,lb,,,,,,,,
S041,,,,,,S041-P126-4,126,90004,Batch Coconut Sweetened Flake,UNIDENTIFIED,,,lb,,,,,,,,
S042,,,,,,S042-P127-1,127,90005,Batch Coconut Sweetened Medium,COUNT,,,lb,,,,,,,,
S042,,,,,,S042-P127-2,127,90005,Batch Coconut Sweetened Medium,COUNT,,,lb,,,,,,,,
S042,,,,,,S042-P127-3,127,90005,Batch Coconut Sweetened Medium,COUNT,,,lb,,,,,,,,
S042,,,,,,S042-P127-4,127,90005,Batch Coconut Sweetened Medium,UNIDENTIFIED,,,lb,,,,,,,,
S042,,,,,,S042-P128-1,128,90007,Batch Coconut Toasted Sweetened Flake,COUNT,,,lb,,,,,,,,
S042,,,,,,S042-P128-2,128,90007,Batch Coconut Toasted Sweetened Flake,COUNT,,,lb,,,,,,,,
S042,,,,,,S042-P128-3,128,90007,Batch Coconut Toasted Sweetened Flake,COUNT,,,lb,,,,,,,,
S042,,,,,,S042-P128-4,128,90007,Batch Coconut Toasted Sweetened Flake,UNIDENTIFIED,,,lb,,,,,,,,
S043,,,,,,S043-P123-1,123,95001,Batch BS Almond Butter Granola 350,COUNT,,,lb,,,,,,,,
S043,,,,,,S043-P123-2,123,95001,Batch BS Almond Butter Granola 350,COUNT,,,lb,,,,,,,,
S043,,,,,,S043-P123-3,123,95001,Batch BS Almond Butter Granola 350,COUNT,,,lb,,,,,,,,
S043,,,,,,S043-P123-4,123,95001,Batch BS Almond Butter Granola 350,UNIDENTIFIED,,,lb,,,,,,,,
S043,,,,,,S043-P121-1,121,95002,Batch BS Dark Chocolate Granola 350,COUNT,,,lb,,,,,,,,
S043,,,,,,S043-P121-2,121,95002,Batch BS Dark Chocolate Granola 350,COUNT,,,lb,,,,,,,,
S043,,,,,,S043-P121-3,121,95002,Batch BS Dark Chocolate Granola 350,COUNT,,,lb,,,,,,,,
S043,,,,,,S043-P121-4,121,95002,Batch BS Dark Chocolate Granola 350,UNIDENTIFIED,,,lb,,,,,,,,
S044,,,,,,S044-P124-1,124,95003,Batch BS Hazelnut Butter Granola 350,COUNT,,,lb,,,,,,,,
S044,,,,,,S044-P124-2,124,95003,Batch BS Hazelnut Butter Granola 350,COUNT,,,lb,,,,,,,,
S044,,,,,,S044-P124-3,124,95003,Batch BS Hazelnut Butter Granola 350,COUNT,,,lb,,,,,,,,
S044,,,,,,S044-P124-4,124,95003,Batch BS Hazelnut Butter Granola 350,UNIDENTIFIED,,,lb,,,,,,,,
S044,,,,,,S044-P122-1,122,95005,Batch BS Peanut Butter Banana Granola,COUNT,,,lb,,,,,,,,
S044,,,,,,S044-P122-2,122,95005,Batch BS Peanut Butter Banana Granola,COUNT,,,lb,,,,,,,,
S044,,,,,,S044-P122-3,122,95005,Batch BS Peanut Butter Banana Granola,COUNT,,,lb,,,,,,,,
S044,,,,,,S044-P122-4,122,95005,Batch BS Peanut Butter Banana Granola,UNIDENTIFIED,,,lb,,,,,,,,
S045,,,,,,S045-P108-1,108,90001,Batch Classic Chocolate Chip Granola #9,COUNT,,,lb,,,,,,,,
S045,,,,,,S045-P108-2,108,90001,Batch Classic Chocolate Chip Granola #9,COUNT,,,lb,,,,,,,,
S045,,,,,,S045-P108-3,108,90001,Batch Classic Chocolate Chip Granola #9,COUNT,,,lb,,,,,,,,
S045,,,,,,S045-P108-4,108,90001,Batch Classic Chocolate Chip Granola #9,UNIDENTIFIED,,,lb,,,,,,,,
S045,,,,,,S045-P107-1,107,90002,Batch Classic Granola #9,COUNT,,,lb,,,,,,,,
S045,,,,,,S045-P107-2,107,90002,Batch Classic Granola #9,COUNT,,,lb,,,,,,,,
S045,,,,,,S045-P107-3,107,90002,Batch Classic Granola #9,COUNT,,,lb,,,,,,,,
S045,,,,,,S045-P107-4,107,90002,Batch Classic Granola #9,UNIDENTIFIED,,,lb,,,,,,,,
S046,,,,,,S046-P113-1,113,90010,Batch Granola Vanilla Almond 380 lb,COUNT,,,lb,,,,,,,,
S046,,,,,,S046-P113-2,113,90010,Batch Granola Vanilla Almond 380 lb,COUNT,,,lb,,,,,,,,
S046,,,,,,S046-P113-3,113,90010,Batch Granola Vanilla Almond 380 lb,COUNT,,,lb,,,,,,,,
S046,,,,,,S046-P113-4,113,90010,Batch Granola Vanilla Almond 380 lb,UNIDENTIFIED,,,lb,,,,,,,,
S046,,,,,,S046-P114-1,114,90011,Batch SS Chocolate Chip Granola #2,COUNT,,,lb,,,,,,,,
S046,,,,,,S046-P114-2,114,90011,Batch SS Chocolate Chip Granola #2,COUNT,,,lb,,,,,,,,
S046,,,,,,S046-P114-3,114,90011,Batch SS Chocolate Chip Granola #2,COUNT,,,lb,,,,,,,,
S046,,,,,,S046-P114-4,114,90011,Batch SS Chocolate Chip Granola #2,UNIDENTIFIED,,,lb,,,,,,,,
S047,,,,,,S047-P115-1,115,90012,Batch SS Chocolate Chip Granola #5,COUNT,,,lb,,,,,,,,
S047,,,,,,S047-P115-2,115,90012,Batch SS Chocolate Chip Granola #5,COUNT,,,lb,,,,,,,,
S047,,,,,,S047-P115-3,115,90012,Batch SS Chocolate Chip Granola #5,COUNT,,,lb,,,,,,,,
S047,,,,,,S047-P115-4,115,90012,Batch SS Chocolate Chip Granola #5,UNIDENTIFIED,,,lb,,,,,,,,
S047,,,,,,S047-P284-1,284,90026,Batch SS Classic Chocolate Chip Granola #9 (Kosher Ignition),COUNT,,,lb,,,,,,,,
S047,,,,,,S047-P284-2,284,90026,Batch SS Classic Chocolate Chip Granola #9 (Kosher Ignition),COUNT,,,lb,,,,,,,,
S047,,,,,,S047-P284-3,284,90026,Batch SS Classic Chocolate Chip Granola #9 (Kosher Ignition),COUNT,,,lb,,,,,,,,
S047,,,,,,S047-P284-4,284,90026,Batch SS Classic Chocolate Chip Granola #9 (Kosher Ignition),UNIDENTIFIED,,,lb,,,,,,,,
S048,,,,,,S048-P283-1,283,90025,Batch SS Classic Granola #9 (Kosher Ignition),COUNT,,,lb,,,,,,,,
S048,,,,,,S048-P283-2,283,90025,Batch SS Classic Granola #9 (Kosher Ignition),COUNT,,,lb,,,,,,,,
S048,,,,,,S048-P283-3,283,90025,Batch SS Classic Granola #9 (Kosher Ignition),COUNT,,,lb,,,,,,,,
S048,,,,,,S048-P283-4,283,90025,Batch SS Classic Granola #9 (Kosher Ignition),UNIDENTIFIED,,,lb,,,,,,,,
S048,,,,,,S048-P118-1,118,90013,Batch SS Cranberry Granola #3,COUNT,,,lb,,,,,,,,
S048,,,,,,S048-P118-2,118,90013,Batch SS Cranberry Granola #3,COUNT,,,lb,,,,,,,,
S048,,,,,,S048-P118-3,118,90013,Batch SS Cranberry Granola #3,COUNT,,,lb,,,,,,,,
S048,,,,,,S048-P118-4,118,90013,Batch SS Cranberry Granola #3,UNIDENTIFIED,,,lb,,,,,,,,
S049,,,,,,S049-P119-1,119,90014,Batch SS Low Carb Chocolate Chip Granola #8,COUNT,,,lb,,,,,,,,
S049,,,,,,S049-P119-2,119,90014,Batch SS Low Carb Chocolate Chip Granola #8,COUNT,,,lb,,,,,,,,
S049,,,,,,S049-P119-3,119,90014,Batch SS Low Carb Chocolate Chip Granola #8,COUNT,,,lb,,,,,,,,
S049,,,,,,S049-P119-4,119,90014,Batch SS Low Carb Chocolate Chip Granola #8,UNIDENTIFIED,,,lb,,,,,,,,
S049,,,,,,S049-P120-1,120,90015,Batch SS Low Carb Original Granola #7,COUNT,,,lb,,,,,,,,
S049,,,,,,S049-P120-2,120,90015,Batch SS Low Carb Original Granola #7,COUNT,,,lb,,,,,,,,
S049,,,,,,S049-P120-3,120,90015,Batch SS Low Carb Original Granola #7,COUNT,,,lb,,,,,,,,
S049,,,,,,S049-P120-4,120,90015,Batch SS Low Carb Original Granola #7,UNIDENTIFIED,,,lb,,,,,,,,
S050,,,,,,S050-P116-1,116,90016,Batch SS Original Granola #1,COUNT,,,lb,,,,,,,,
S050,,,,,,S050-P116-2,116,90016,Batch SS Original Granola #1,COUNT,,,lb,,,,,,,,
S050,,,,,,S050-P116-3,116,90016,Batch SS Original Granola #1,COUNT,,,lb,,,,,,,,
S050,,,,,,S050-P116-4,116,90016,Batch SS Original Granola #1,UNIDENTIFIED,,,lb,,,,,,,,
S050,,,,,,S050-P117-1,117,90017,Batch SS Original Granola #4,COUNT,,,lb,,,,,,,,
S050,,,,,,S050-P117-2,117,90017,Batch SS Original Granola #4,COUNT,,,lb,,,,,,,,
S050,,,,,,S050-P117-3,117,90017,Batch SS Original Granola #4,COUNT,,,lb,,,,,,,,
S050,,,,,,S050-P117-4,117,90017,Batch SS Original Granola #4,UNIDENTIFIED,,,lb,,,,,,,,
S051,,,,,,S051-P109-1,109,90019,Batch Setton Cinnamon Almond Granola #14,COUNT,,,lb,,,,,,,,
S051,,,,,,S051-P109-2,109,90019,Batch Setton Cinnamon Almond Granola #14,COUNT,,,lb,,,,,,,,
S051,,,,,,S051-P109-3,109,90019,Batch Setton Cinnamon Almond Granola #14,COUNT,,,lb,,,,,,,,
S051,,,,,,S051-P109-4,109,90019,Batch Setton Cinnamon Almond Granola #14,UNIDENTIFIED,,,lb,,,,,,,,
S051,,,,,,S051-P111-1,111,90020,Batch Setton Cocoa Crunch Granola #13,COUNT,,,lb,,,,,,,,
S051,,,,,,S051-P111-2,111,90020,Batch Setton Cocoa Crunch Granola #13,COUNT,,,lb,,,,,,,,
S051,,,,,,S051-P111-3,111,90020,Batch Setton Cocoa Crunch Granola #13,COUNT,,,lb,,,,,,,,
S051,,,,,,S051-P111-4,111,90020,Batch Setton Cocoa Crunch Granola #13,UNIDENTIFIED,,,lb,,,,,,,,
S052,,,,,,S052-P110-1,110,90021,Batch Setton Coffee Granola #12,COUNT,,,lb,,,,,,,,
S052,,,,,,S052-P110-2,110,90021,Batch Setton Coffee Granola #12,COUNT,,,lb,,,,,,,,
S052,,,,,,S052-P110-3,110,90021,Batch Setton Coffee Granola #12,COUNT,,,lb,,,,,,,,
S052,,,,,,S052-P110-4,110,90021,Batch Setton Coffee Granola #12,UNIDENTIFIED,,,lb,,,,,,,,
S052,,,,,,S052-P112-1,112,90024,Batch Vanilla Crisp Granola #16(no almonds),COUNT,,,lb,,,,,,,,
S052,,,,,,S052-P112-2,112,90024,Batch Vanilla Crisp Granola #16(no almonds),COUNT,,,lb,,,,,,,,
S052,,,,,,S052-P112-3,112,90024,Batch Vanilla Crisp Granola #16(no almonds),COUNT,,,lb,,,,,,,,
S052,,,,,,S052-P112-4,112,90024,Batch Vanilla Crisp Granola #16(no almonds),UNIDENTIFIED,,,lb,,,,,,,,
S053,,,,,,S053-P179-1,179,90008,Granola Fruit Nut Batch,COUNT,,,lb,,,,,,,,
S053,,,,,,S053-P179-2,179,90008,Granola Fruit Nut Batch,COUNT,,,lb,,,,,,,,
S053,,,,,,S053-P179-3,179,90008,Granola Fruit Nut Batch,COUNT,,,lb,,,,,,,,
S053,,,,,,S053-P179-4,179,90008,Granola Fruit Nut Batch,UNIDENTIFIED,,,lb,,,,,,,,
S054,,,,,,S054-P152-1,152,70079,BS Almond Butter Granola – 6x7 OZ Case,COUNT,,,cases,,,,,,,,
S054,,,,,,S054-P152-2,152,70079,BS Almond Butter Granola – 6x7 OZ Case,COUNT,,,cases,,,,,,,,
S054,,,,,,S054-P152-3,152,70079,BS Almond Butter Granola – 6x7 OZ Case,COUNT,,,cases,,,,,,,,
S054,,,,,,S054-P152-4,152,70079,BS Almond Butter Granola – 6x7 OZ Case,UNIDENTIFIED,,,cases,,,,,,,,
S054,,,,,,S054-P207-1,207,70086,BS Almond Butter Granola – 6x8 OZ Case,COUNT,,,cases,,,,,,,,
S054,,,,,,S054-P207-2,207,70086,BS Almond Butter Granola – 6x8 OZ Case,COUNT,,,cases,,,,,,,,
S054,,,,,,S054-P207-3,207,70086,BS Almond Butter Granola – 6x8 OZ Case,COUNT,,,cases,,,,,,,,
S054,,,,,,S054-P207-4,207,70086,BS Almond Butter Granola – 6x8 OZ Case,UNIDENTIFIED,,,cases,,,,,,,,
S055,,,,,,S055-P150-1,150,70074,BS Granola – Dark Chocolate – 6x7 OZ Case,COUNT,,,cases,,,,,,,,
S055,,,,,,S055-P150-2,150,70074,BS Granola – Dark Chocolate – 6x7 OZ Case,COUNT,,,cases,,,,,,,,
S055,,,,,,S055-P150-3,150,70074,BS Granola – Dark Chocolate – 6x7 OZ Case,COUNT,,,cases,,,,,,,,
S055,,,,,,S055-P150-4,150,70074,BS Granola – Dark Chocolate – 6x7 OZ Case,UNIDENTIFIED,,,cases,,,,,,,,
S055,,,,,,S055-P208-1,208,70087,BS Granola – Dark Chocolate – 6x8 OZ Case,COUNT,,,cases,,,,,,,,
S055,,,,,,S055-P208-2,208,70087,BS Granola – Dark Chocolate – 6x8 OZ Case,COUNT,,,cases,,,,,,,,
S055,,,,,,S055-P208-3,208,70087,BS Granola – Dark Chocolate – 6x8 OZ Case,COUNT,,,cases,,,,,,,,
S055,,,,,,S055-P208-4,208,70087,BS Granola – Dark Chocolate – 6x8 OZ Case,UNIDENTIFIED,,,cases,,,,,,,,
S056,,,,,,S056-P153-1,153,70080,BS Granola – Hazelnut Butter – 6x7 OZ Case,COUNT,,,cases,,,,,,,,
S056,,,,,,S056-P153-2,153,70080,BS Granola – Hazelnut Butter – 6x7 OZ Case,COUNT,,,cases,,,,,,,,
S056,,,,,,S056-P153-3,153,70080,BS Granola – Hazelnut Butter – 6x7 OZ Case,COUNT,,,cases,,,,,,,,
S056,,,,,,S056-P153-4,153,70080,BS Granola – Hazelnut Butter – 6x7 OZ Case,UNIDENTIFIED,,,cases,,,,,,,,
S056,,,,,,S056-P206-1,206,70085,BS Granola – Hazelnut Butter – 6x8 OZ Case,COUNT,,,cases,,,,,,,,
S056,,,,,,S056-P206-2,206,70085,BS Granola – Hazelnut Butter – 6x8 OZ Case,COUNT,,,cases,,,,,,,,
S056,,,,,,S056-P206-3,206,70085,BS Granola – Hazelnut Butter – 6x8 OZ Case,COUNT,,,cases,,,,,,,,
S056,,,,,,S056-P206-4,206,70085,BS Granola – Hazelnut Butter – 6x8 OZ Case,UNIDENTIFIED,,,cases,,,,,,,,
S057,,,,,,S057-P151-1,151,70073,BS Granola – Peanut Butter Banana – 6x7 OZ Case,COUNT,,,cases,,,,,,,,
S057,,,,,,S057-P151-2,151,70073,BS Granola – Peanut Butter Banana – 6x7 OZ Case,COUNT,,,cases,,,,,,,,
S057,,,,,,S057-P151-3,151,70073,BS Granola – Peanut Butter Banana – 6x7 OZ Case,COUNT,,,cases,,,,,,,,
S057,,,,,,S057-P151-4,151,70073,BS Granola – Peanut Butter Banana – 6x7 OZ Case,UNIDENTIFIED,,,cases,,,,,,,,
S057,,,,,,S057-P209-1,209,70088,BS Granola – Peanut Butter Banana – 6x8 OZ Case,COUNT,,,cases,,,,,,,,
S057,,,,,,S057-P209-2,209,70088,BS Granola – Peanut Butter Banana – 6x8 OZ Case,COUNT,,,cases,,,,,,,,
S057,,,,,,S057-P209-3,209,70088,BS Granola – Peanut Butter Banana – 6x8 OZ Case,COUNT,,,cases,,,,,,,,
S057,,,,,,S057-P209-4,209,70088,BS Granola – Peanut Butter Banana – 6x8 OZ Case,UNIDENTIFIED,,,cases,,,,,,,,
S058,,,,,,S058-P164-1,164,893,CQ Coconut Sweetened Flake 10 LB,COUNT,,,cases,,,,,,,,
S058,,,,,,S058-P164-2,164,893,CQ Coconut Sweetened Flake 10 LB,COUNT,,,cases,,,,,,,,
S058,,,,,,S058-P164-3,164,893,CQ Coconut Sweetened Flake 10 LB,COUNT,,,cases,,,,,,,,
S058,,,,,,S058-P164-4,164,893,CQ Coconut Sweetened Flake 10 LB,UNIDENTIFIED,,,cases,,,,,,,,
S058,,,,,,S058-P144-1,144,1614,CQ Granola 10 LB,COUNT,,,cases,,,,,,,,
S058,,,,,,S058-P144-2,144,1614,CQ Granola 10 LB,COUNT,,,cases,,,,,,,,
S058,,,,,,S058-P144-3,144,1614,CQ Granola 10 LB,COUNT,,,cases,,,,,,,,
S058,,,,,,S058-P144-4,144,1614,CQ Granola 10 LB,UNIDENTIFIED,,,cases,,,,,,,,
S059,,,,,,S059-P171-1,171,70089,Classic Granola 25 LB,COUNT,,,cases,,,,,,,,
S059,,,,,,S059-P171-2,171,70089,Classic Granola 25 LB,COUNT,,,cases,,,,,,,,
S059,,,,,,S059-P171-3,171,70089,Classic Granola 25 LB,COUNT,,,cases,,,,,,,,
S059,,,,,,S059-P171-4,171,70089,Classic Granola 25 LB,UNIDENTIFIED,,,cases,,,,,,,,
S059,,,,,,S059-P187-1,187,70051,Coconut Chips 25 LB,COUNT,,,cases,,,,,,,,
S059,,,,,,S059-P187-2,187,70051,Coconut Chips 25 LB,COUNT,,,cases,,,,,,,,
S059,,,,,,S059-P187-3,187,70051,Coconut Chips 25 LB,COUNT,,,cases,,,,,,,,
S059,,,,,,S059-P187-4,187,70051,Coconut Chips 25 LB,UNIDENTIFIED,,,cases,,,,,,,,
S060,,,,,,S060-P154-1,154,10006,Coconut Sweetened Fancy CNS 10 LB,COUNT,,,cases,,,,,,,,
S060,,,,,,S060-P154-2,154,10006,Coconut Sweetened Fancy CNS 10 LB,COUNT,,,cases,,,,,,,,
S060,,,,,,S060-P154-3,154,10006,Coconut Sweetened Fancy CNS 10 LB,COUNT,,,cases,,,,,,,,
S060,,,,,,S060-P154-4,154,10006,Coconut Sweetened Fancy CNS 10 LB,UNIDENTIFIED,,,cases,,,,,,,,
S060,,,,,,S060-P155-1,155,10007,Coconut Sweetened Fancy CNS 25 LB,COUNT,,,cases,,,,,,,,
S060,,,,,,S060-P155-2,155,10007,Coconut Sweetened Fancy CNS 25 LB,COUNT,,,cases,,,,,,,,
S060,,,,,,S060-P155-3,155,10007,Coconut Sweetened Fancy CNS 25 LB,COUNT,,,cases,,,,,,,,
S060,,,,,,S060-P155-4,155,10007,Coconut Sweetened Fancy CNS 25 LB,UNIDENTIFIED,,,cases,,,,,,,,
S061,,,,,,S061-P161-1,161,67470,Coconut Sweetened Fancy UNIPRO 10 LB,COUNT,,,cases,,,,,,,,
S061,,,,,,S061-P161-2,161,67470,Coconut Sweetened Fancy UNIPRO 10 LB,COUNT,,,cases,,,,,,,,
S061,,,,,,S061-P161-3,161,67470,Coconut Sweetened Fancy UNIPRO 10 LB,COUNT,,,cases,,,,,,,,
S061,,,,,,S061-P161-4,161,67470,Coconut Sweetened Fancy UNIPRO 10 LB,UNIDENTIFIED,,,cases,,,,,,,,
S061,,,,,,S061-P156-1,156,10001,Coconut Sweetened Flake CNS 10 LB,COUNT,,,cases,,,,,,,,
S061,,,,,,S061-P156-2,156,10001,Coconut Sweetened Flake CNS 10 LB,COUNT,,,cases,,,,,,,,
S061,,,,,,S061-P156-3,156,10001,Coconut Sweetened Flake CNS 10 LB,COUNT,,,cases,,,,,,,,
S061,,,,,,S061-P156-4,156,10001,Coconut Sweetened Flake CNS 10 LB,UNIDENTIFIED,,,cases,,,,,,,,
S062,,,,,,S062-P157-1,157,10020,Coconut Sweetened Flake CNS 25 LB,COUNT,,,cases,,,,,,,,
S062,,,,,,S062-P157-2,157,10020,Coconut Sweetened Flake CNS 25 LB,COUNT,,,cases,,,,,,,,
S062,,,,,,S062-P157-3,157,10020,Coconut Sweetened Flake CNS 25 LB,COUNT,,,cases,,,,,,,,
S062,,,,,,S062-P157-4,157,10020,Coconut Sweetened Flake CNS 25 LB,UNIDENTIFIED,,,cases,,,,,,,,
S062,,,,,,S062-P162-1,162,67476,Coconut Sweetened Flake UNIPRO 10 LB,COUNT,,,cases,,,,,,,,
S062,,,,,,S062-P162-2,162,67476,Coconut Sweetened Flake UNIPRO 10 LB,COUNT,,,cases,,,,,,,,
S062,,,,,,S062-P162-3,162,67476,Coconut Sweetened Flake UNIPRO 10 LB,COUNT,,,cases,,,,,,,,
S062,,,,,,S062-P162-4,162,67476,Coconut Sweetened Flake UNIPRO 10 LB,UNIDENTIFIED,,,cases,,,,,,,,
S063,,,,,,S063-P158-1,158,10002,Coconut Sweetened Medium CNS 10 LB,COUNT,,,cases,,,,,,,,
S063,,,,,,S063-P158-2,158,10002,Coconut Sweetened Medium CNS 10 LB,COUNT,,,cases,,,,,,,,
S063,,,,,,S063-P158-3,158,10002,Coconut Sweetened Medium CNS 10 LB,COUNT,,,cases,,,,,,,,
S063,,,,,,S063-P158-4,158,10002,Coconut Sweetened Medium CNS 10 LB,UNIDENTIFIED,,,cases,,,,,,,,
S063,,,,,,S063-P163-1,163,67473,Coconut Sweetened Medium UNIPRO 10 LB,COUNT,,,cases,,,,,,,,
S063,,,,,,S063-P163-2,163,67473,Coconut Sweetened Medium UNIPRO 10 LB,COUNT,,,cases,,,,,,,,
S063,,,,,,S063-P163-3,163,67473,Coconut Sweetened Medium UNIPRO 10 LB,COUNT,,,cases,,,,,,,,
S063,,,,,,S063-P163-4,163,67473,Coconut Sweetened Medium UNIPRO 10 LB,UNIDENTIFIED,,,cases,,,,,,,,
S064,,,,,,S064-P159-1,159,10010,Coconut Toasted Sweetened Flake CNS 10 LB,COUNT,,,cases,,,,,,,,
S064,,,,,,S064-P159-2,159,10010,Coconut Toasted Sweetened Flake CNS 10 LB,COUNT,,,cases,,,,,,,,
S064,,,,,,S064-P159-3,159,10010,Coconut Toasted Sweetened Flake CNS 10 LB,COUNT,,,cases,,,,,,,,
S064,,,,,,S064-P159-4,159,10010,Coconut Toasted Sweetened Flake CNS 10 LB,UNIDENTIFIED,,,cases,,,,,,,,
S064,,,,,,S064-P160-1,160,10029,Coconut Toasted Sweetened Flake CNS 25 LB,COUNT,,,cases,,,,,,,,
S064,,,,,,S064-P160-2,160,10029,Coconut Toasted Sweetened Flake CNS 25 LB,COUNT,,,cases,,,,,,,,
S064,,,,,,S064-P160-3,160,10029,Coconut Toasted Sweetened Flake CNS 25 LB,COUNT,,,cases,,,,,,,,
S064,,,,,,S064-P160-4,160,10029,Coconut Toasted Sweetened Flake CNS 25 LB,UNIDENTIFIED,,,cases,,,,,,,,
S065,,,,,,S065-P193-1,193,10050,Desiccated Coconut Chips 15 LB,COUNT,,,cases,,,,,,,,
S065,,,,,,S065-P193-2,193,10050,Desiccated Coconut Chips 15 LB,COUNT,,,cases,,,,,,,,
S065,,,,,,S065-P193-3,193,10050,Desiccated Coconut Chips 15 LB,COUNT,,,cases,,,,,,,,
S065,,,,,,S065-P193-4,193,10050,Desiccated Coconut Chips 15 LB,UNIDENTIFIED,,,cases,,,,,,,,
S065,,,,,,S065-P192-1,192,10049,Desiccated Coconut Chips 25 LB,COUNT,,,cases,,,,,,,,
S065,,,,,,S065-P192-2,192,10049,Desiccated Coconut Chips 25 LB,COUNT,,,cases,,,,,,,,
S065,,,,,,S065-P192-3,192,10049,Desiccated Coconut Chips 25 LB,COUNT,,,cases,,,,,,,,
S065,,,,,,S065-P192-4,192,10049,Desiccated Coconut Chips 25 LB,UNIDENTIFIED,,,cases,,,,,,,,
S066,,,,,,S066-P189-1,189,10046,Desiccated Fancy Bakers 50 LB,COUNT,,,cases,,,,,,,,
S066,,,,,,S066-P189-2,189,10046,Desiccated Fancy Bakers 50 LB,COUNT,,,cases,,,,,,,,
S066,,,,,,S066-P189-3,189,10046,Desiccated Fancy Bakers 50 LB,COUNT,,,cases,,,,,,,,
S066,,,,,,S066-P189-4,189,10046,Desiccated Fancy Bakers 50 LB,UNIDENTIFIED,,,cases,,,,,,,,
S066,,,,,,S066-P190-1,190,10047,Desiccated Flake 50 LB,COUNT,,,cases,,,,,,,,
S066,,,,,,S066-P190-2,190,10047,Desiccated Flake 50 LB,COUNT,,,cases,,,,,,,,
S066,,,,,,S066-P190-3,190,10047,Desiccated Flake 50 LB,COUNT,,,cases,,,,,,,,
S066,,,,,,S066-P190-4,190,10047,Desiccated Flake 50 LB,UNIDENTIFIED,,,cases,,,,,,,,
S067,,,,,,S067-P198-1,198,10055,Desiccated Flake 55 LB,COUNT,,,cases,,,,,,,,
S067,,,,,,S067-P198-2,198,10055,Desiccated Flake 55 LB,COUNT,,,cases,,,,,,,,
S067,,,,,,S067-P198-3,198,10055,Desiccated Flake 55 LB,COUNT,,,cases,,,,,,,,
S067,,,,,,S067-P198-4,198,10055,Desiccated Flake 55 LB,UNIDENTIFIED,,,cases,,,,,,,,
S067,,,,,,S067-P199-1,199,10056,Desiccated Flake 80 LB,COUNT,,,cases,,,,,,,,
S067,,,,,,S067-P199-2,199,10056,Desiccated Flake 80 LB,COUNT,,,cases,,,,,,,,
S067,,,,,,S067-P199-3,199,10056,Desiccated Flake 80 LB,COUNT,,,cases,,,,,,,,
S067,,,,,,S067-P199-4,199,10056,Desiccated Flake 80 LB,UNIDENTIFIED,,,cases,,,,,,,,
S068,,,,,,S068-P191-1,191,10048,Desiccated Flake CNS 25 LB,COUNT,,,cases,,,,,,,,
S068,,,,,,S068-P191-2,191,10048,Desiccated Flake CNS 25 LB,COUNT,,,cases,,,,,,,,
S068,,,,,,S068-P191-3,191,10048,Desiccated Flake CNS 25 LB,COUNT,,,cases,,,,,,,,
S068,,,,,,S068-P191-4,191,10048,Desiccated Flake CNS 25 LB,UNIDENTIFIED,,,cases,,,,,,,,
S068,,,,,,S068-P201-1,201,10059,Desiccated Macaroon 55 LB,COUNT,,,cases,,,,,,,,
S068,,,,,,S068-P201-2,201,10059,Desiccated Macaroon 55 LB,COUNT,,,cases,,,,,,,,
S068,,,,,,S068-P201-3,201,10059,Desiccated Macaroon 55 LB,COUNT,,,cases,,,,,,,,
S068,,,,,,S068-P201-4,201,10059,Desiccated Macaroon 55 LB,UNIDENTIFIED,,,cases,,,,,,,,
S069,,,,,,S069-P196-1,196,10053,Desiccated Macaroon Bakers 25 LB,COUNT,,,cases,,,,,,,,
S069,,,,,,S069-P196-2,196,10053,Desiccated Macaroon Bakers 25 LB,COUNT,,,cases,,,,,,,,
S069,,,,,,S069-P196-3,196,10053,Desiccated Macaroon Bakers 25 LB,COUNT,,,cases,,,,,,,,
S069,,,,,,S069-P196-4,196,10053,Desiccated Macaroon Bakers 25 LB,UNIDENTIFIED,,,cases,,,,,,,,
S069,,,,,,S069-P188-1,188,10045,Desiccated Macaroon Bakers 50 LB,COUNT,,,cases,,,,,,,,
S069,,,,,,S069-P188-2,188,10045,Desiccated Macaroon Bakers 50 LB,COUNT,,,cases,,,,,,,,
S069,,,,,,S069-P188-3,188,10045,Desiccated Macaroon Bakers 50 LB,COUNT,,,cases,,,,,,,,
S069,,,,,,S069-P188-4,188,10045,Desiccated Macaroon Bakers 50 LB,UNIDENTIFIED,,,cases,,,,,,,,
S070,,,,,,S070-P200-1,200,10058,Desiccated Macaroon CNS 25 LB,COUNT,,,cases,,,,,,,,
S070,,,,,,S070-P200-2,200,10058,Desiccated Macaroon CNS 25 LB,COUNT,,,cases,,,,,,,,
S070,,,,,,S070-P200-3,200,10058,Desiccated Macaroon CNS 25 LB,COUNT,,,cases,,,,,,,,
S070,,,,,,S070-P200-4,200,10058,Desiccated Macaroon CNS 25 LB,UNIDENTIFIED,,,cases,,,,,,,,
S070,,,,,,S070-P194-1,194,10051,Desiccated Medium Bakers 50 LB,COUNT,,,cases,,,,,,,,
S070,,,,,,S070-P194-2,194,10051,Desiccated Medium Bakers 50 LB,COUNT,,,cases,,,,,,,,
S070,,,,,,S070-P194-3,194,10051,Desiccated Medium Bakers 50 LB,COUNT,,,cases,,,,,,,,
S070,,,,,,S070-P194-4,194,10051,Desiccated Medium Bakers 50 LB,UNIDENTIFIED,,,cases,,,,,,,,
S071,,,,,,S071-P197-1,197,10054,Desiccated Medium CNS 100 LB,COUNT,,,cases,,,,,,,,
S071,,,,,,S071-P197-2,197,10054,Desiccated Medium CNS 100 LB,COUNT,,,cases,,,,,,,,
S071,,,,,,S071-P197-3,197,10054,Desiccated Medium CNS 100 LB,COUNT,,,cases,,,,,,,,
S071,,,,,,S071-P197-4,197,10054,Desiccated Medium CNS 100 LB,UNIDENTIFIED,,,cases,,,,,,,,
S071,,,,,,S071-P195-1,195,10052,Desiccated Medium CNS 25 LB,COUNT,,,cases,,,,,,,,
S071,,,,,,S071-P195-2,195,10052,Desiccated Medium CNS 25 LB,COUNT,,,cases,,,,,,,,
S071,,,,,,S071-P195-3,195,10052,Desiccated Medium CNS 25 LB,COUNT,,,cases,,,,,,,,
S071,,,,,,S071-P195-4,195,10052,Desiccated Medium CNS 25 LB,UNIDENTIFIED,,,cases,,,,,,,,
S072,,,,,,S072-P165-1,165,31012,Graham Cracker Crumbs – 10 LB,COUNT,,,cases,,,,,,,,
S072,,,,,,S072-P165-2,165,31012,Graham Cracker Crumbs – 10 LB,COUNT,,,cases,,,,,,,,
S072,,,,,,S072-P165-3,165,31012,Graham Cracker Crumbs – 10 LB,COUNT,,,cases,,,,,,,,
S072,,,,,,S072-P165-4,165,31012,Graham Cracker Crumbs – 10 LB,UNIDENTIFIED,,,cases,,,,,,,,
S072,,,,,,S072-P143-1,143,70053,Granola Chocolate Chip 25 LB,COUNT,,,cases,,,,,,,,
S072,,,,,,S072-P143-2,143,70053,Granola Chocolate Chip 25 LB,COUNT,,,cases,,,,,,,,
S072,,,,,,S072-P143-3,143,70053,Granola Chocolate Chip 25 LB,COUNT,,,cases,,,,,,,,
S072,,,,,,S072-P143-4,143,70053,Granola Chocolate Chip 25 LB,UNIDENTIFIED,,,cases,,,,,,,,
S073,,,,,,S073-P140-1,140,70057,Granola Cinnamon Almond 25 LB,COUNT,,,cases,,,,,,,,
S073,,,,,,S073-P140-2,140,70057,Granola Cinnamon Almond 25 LB,COUNT,,,cases,,,,,,,,
S073,,,,,,S073-P140-3,140,70057,Granola Cinnamon Almond 25 LB,COUNT,,,cases,,,,,,,,
S073,,,,,,S073-P140-4,140,70057,Granola Cinnamon Almond 25 LB,UNIDENTIFIED,,,cases,,,,,,,,
S073,,,,,,S073-P136-1,136,70050,Granola Classic 25 LB,COUNT,,,cases,,,,,,,,
S073,,,,,,S073-P136-2,136,70050,Granola Classic 25 LB,COUNT,,,cases,,,,,,,,
S073,,,,,,S073-P136-3,136,70050,Granola Classic 25 LB,COUNT,,,cases,,,,,,,,
S073,,,,,,S073-P136-4,136,70050,Granola Classic 25 LB,UNIDENTIFIED,,,cases,,,,,,,,
S074,,,,,,S074-P139-1,139,70059,Granola Cocoa Vibes 25 LB,COUNT,,,cases,,,,,,,,
S074,,,,,,S074-P139-2,139,70059,Granola Cocoa Vibes 25 LB,COUNT,,,cases,,,,,,,,
S074,,,,,,S074-P139-3,139,70059,Granola Cocoa Vibes 25 LB,COUNT,,,cases,,,,,,,,
S074,,,,,,S074-P139-4,139,70059,Granola Cocoa Vibes 25 LB,UNIDENTIFIED,,,cases,,,,,,,,
S074,,,,,,S074-P137-1,137,10300,Granola Crunchy CNS 10 LB Case,COUNT,,,cases,,,,,,,,
S074,,,,,,S074-P137-2,137,10300,Granola Crunchy CNS 10 LB Case,COUNT,,,cases,,,,,,,,
S074,,,,,,S074-P137-3,137,10300,Granola Crunchy CNS 10 LB Case,COUNT,,,cases,,,,,,,,
S074,,,,,,S074-P137-4,137,10300,Granola Crunchy CNS 10 LB Case,UNIDENTIFIED,,,cases,,,,,,,,
S075,,,,,,S075-P142-1,142,70061,Granola Fruit Nut 25 LB,COUNT,,,cases,,,,,,,,
S075,,,,,,S075-P142-2,142,70061,Granola Fruit Nut 25 LB,COUNT,,,cases,,,,,,,,
S075,,,,,,S075-P142-3,142,70061,Granola Fruit Nut 25 LB,COUNT,,,cases,,,,,,,,
S075,,,,,,S075-P142-4,142,70061,Granola Fruit Nut 25 LB,UNIDENTIFIED,,,cases,,,,,,,,
S075,,,,,,S075-P141-1,141,70060,Granola Honey Nut 25 LB,COUNT,,,cases,,,,,,,,
S075,,,,,,S075-P141-2,141,70060,Granola Honey Nut 25 LB,COUNT,,,cases,,,,,,,,
S075,,,,,,S075-P141-3,141,70060,Granola Honey Nut 25 LB,COUNT,,,cases,,,,,,,,
S075,,,,,,S075-P141-4,141,70060,Granola Honey Nut 25 LB,UNIDENTIFIED,,,cases,,,,,,,,
S076,,,,,,S076-P184-1,184,70005,Granola SS B'gan Chocolate per/lb,COUNT,,,cases,,,,,,,,
S076,,,,,,S076-P184-2,184,70005,Granola SS B'gan Chocolate per/lb,COUNT,,,cases,,,,,,,,
S076,,,,,,S076-P184-3,184,70005,Granola SS B'gan Chocolate per/lb,COUNT,,,cases,,,,,,,,
S076,,,,,,S076-P184-4,184,70005,Granola SS B'gan Chocolate per/lb,UNIDENTIFIED,,,cases,,,,,,,,
S076,,,,,,S076-P145-1,145,70003,Granola SS Chocolate Chip 12x10 OZ Case,COUNT,,,cases,,,,,,,,
S076,,,,,,S076-P145-2,145,70003,Granola SS Chocolate Chip 12x10 OZ Case,COUNT,,,cases,,,,,,,,
S076,,,,,,S076-P145-3,145,70003,Granola SS Chocolate Chip 12x10 OZ Case,COUNT,,,cases,,,,,,,,
S076,,,,,,S076-P145-4,145,70003,Granola SS Chocolate Chip 12x10 OZ Case,UNIDENTIFIED,,,cases,,,,,,,,
S077,,,,,,S077-P148-1,148,70070,Granola SS Chocolate Chip Low Carb 12x10 OZ Case,COUNT,,,cases,,,,,,,,
S077,,,,,,S077-P148-2,148,70070,Granola SS Chocolate Chip Low Carb 12x10 OZ Case,COUNT,,,cases,,,,,,,,
S077,,,,,,S077-P148-3,148,70070,Granola SS Chocolate Chip Low Carb 12x10 OZ Case,COUNT,,,cases,,,,,,,,
S077,,,,,,S077-P148-4,148,70070,Granola SS Chocolate Chip Low Carb 12x10 OZ Case,UNIDENTIFIED,,,cases,,,,,,,,
S077,,,,,,S077-P287-1,287,70015,Granola SS Classic #9 10 LB,COUNT,,,cases,,,,,,,,
S077,,,,,,S077-P287-2,287,70015,Granola SS Classic #9 10 LB,COUNT,,,cases,,,,,,,,
S077,,,,,,S077-P287-3,287,70015,Granola SS Classic #9 10 LB,COUNT,,,cases,,,,,,,,
S077,,,,,,S077-P287-4,287,70015,Granola SS Classic #9 10 LB,UNIDENTIFIED,,,cases,,,,,,,,
S078,,,,,,S078-P286-1,286,70014,Granola SS Classic #9 25 LB,COUNT,,,cases,,,,,,,,
S078,,,,,,S078-P286-2,286,70014,Granola SS Classic #9 25 LB,COUNT,,,cases,,,,,,,,
S078,,,,,,S078-P286-3,286,70014,Granola SS Classic #9 25 LB,COUNT,,,cases,,,,,,,,
S078,,,,,,S078-P286-4,286,70014,Granola SS Classic #9 25 LB,UNIDENTIFIED,,,cases,,,,,,,,
S078,,,,,,S078-P285-1,285,70013,Granola SS Classic #9 Bulk per/lb,COUNT,,,cases,,,,,,,,
S078,,,,,,S078-P285-2,285,70013,Granola SS Classic #9 Bulk per/lb,COUNT,,,cases,,,,,,,,
S078,,,,,,S078-P285-3,285,70013,Granola SS Classic #9 Bulk per/lb,COUNT,,,cases,,,,,,,,
S078,,,,,,S078-P285-4,285,70013,Granola SS Classic #9 Bulk per/lb,UNIDENTIFIED,,,cases,,,,,,,,
S079,,,,,,S079-P290-1,290,70018,Granola SS Classic Chocolate Chip #9 10 LB,COUNT,,,cases,,,,,,,,
S079,,,,,,S079-P290-2,290,70018,Granola SS Classic Chocolate Chip #9 10 LB,COUNT,,,cases,,,,,,,,
S079,,,,,,S079-P290-3,290,70018,Granola SS Classic Chocolate Chip #9 10 LB,COUNT,,,cases,,,,,,,,
S079,,,,,,S079-P290-4,290,70018,Granola SS Classic Chocolate Chip #9 10 LB,UNIDENTIFIED,,,cases,,,,,,,,
S079,,,,,,S079-P289-1,289,70017,Granola SS Classic Chocolate Chip #9 25 LB,COUNT,,,cases,,,,,,,,
S079,,,,,,S079-P289-2,289,70017,Granola SS Classic Chocolate Chip #9 25 LB,COUNT,,,cases,,,,,,,,
S079,,,,,,S079-P289-3,289,70017,Granola SS Classic Chocolate Chip #9 25 LB,COUNT,,,cases,,,,,,,,
S079,,,,,,S079-P289-4,289,70017,Granola SS Classic Chocolate Chip #9 25 LB,UNIDENTIFIED,,,cases,,,,,,,,
S080,,,,,,S080-P288-1,288,70016,Granola SS Classic Chocolate Chip #9 Bulk per/lb,COUNT,,,cases,,,,,,,,
S080,,,,,,S080-P288-2,288,70016,Granola SS Classic Chocolate Chip #9 Bulk per/lb,COUNT,,,cases,,,,,,,,
S080,,,,,,S080-P288-3,288,70016,Granola SS Classic Chocolate Chip #9 Bulk per/lb,COUNT,,,cases,,,,,,,,
S080,,,,,,S080-P288-4,288,70016,Granola SS Classic Chocolate Chip #9 Bulk per/lb,UNIDENTIFIED,,,cases,,,,,,,,
S080,,,,,,S080-P147-1,147,70011,Granola SS Cranberry 12x10 OZ Case,COUNT,,,cases,,,,,,,,
S080,,,,,,S080-P147-2,147,70011,Granola SS Cranberry 12x10 OZ Case,COUNT,,,cases,,,,,,,,
S080,,,,,,S080-P147-3,147,70011,Granola SS Cranberry 12x10 OZ Case,COUNT,,,cases,,,,,,,,
S080,,,,,,S080-P147-4,147,70011,Granola SS Cranberry 12x10 OZ Case,UNIDENTIFIED,,,cases,,,,,,,,
S081,,,,,,S081-P186-1,186,70009,Granola SS Evergreen 12 pack,COUNT,,,cases,,,,,,,,
S081,,,,,,S081-P186-2,186,70009,Granola SS Evergreen 12 pack,COUNT,,,cases,,,,,,,,
S081,,,,,,S081-P186-3,186,70009,Granola SS Evergreen 12 pack,COUNT,,,cases,,,,,,,,
S081,,,,,,S081-P186-4,186,70009,Granola SS Evergreen 12 pack,UNIDENTIFIED,,,cases,,,,,,,,
S081,,,,,,S081-P185-1,185,70006,Granola SS Mini 100,COUNT,,,cases,,,,,,,,
S081,,,,,,S081-P185-2,185,70006,Granola SS Mini 100,COUNT,,,cases,,,,,,,,
S081,,,,,,S081-P185-3,185,70006,Granola SS Mini 100,COUNT,,,cases,,,,,,,,
S081,,,,,,S081-P185-4,185,70006,Granola SS Mini 100,UNIDENTIFIED,,,cases,,,,,,,,
S082,,,,,,S082-P146-1,146,70002,Granola SS Original 12x10 OZ Case,COUNT,,,cases,,,,,,,,
S082,,,,,,S082-P146-2,146,70002,Granola SS Original 12x10 OZ Case,COUNT,,,cases,,,,,,,,
S082,,,,,,S082-P146-3,146,70002,Granola SS Original 12x10 OZ Case,COUNT,,,cases,,,,,,,,
S082,,,,,,S082-P146-4,146,70002,Granola SS Original 12x10 OZ Case,UNIDENTIFIED,,,cases,,,,,,,,
S082,,,,,,S082-P183-1,183,70004,Granola SS Original Bulk per/lb,COUNT,,,cases,,,,,,,,
S082,,,,,,S082-P183-2,183,70004,Granola SS Original Bulk per/lb,COUNT,,,cases,,,,,,,,
S082,,,,,,S082-P183-3,183,70004,Granola SS Original Bulk per/lb,COUNT,,,cases,,,,,,,,
S082,,,,,,S082-P183-4,183,70004,Granola SS Original Bulk per/lb,UNIDENTIFIED,,,cases,,,,,,,,
S083,,,,,,S083-P149-1,149,70010,Granola SS Original Low Carb 12x10 OZ Case,COUNT,,,cases,,,,,,,,
S083,,,,,,S083-P149-2,149,70010,Granola SS Original Low Carb 12x10 OZ Case,COUNT,,,cases,,,,,,,,
S083,,,,,,S083-P149-3,149,70010,Granola SS Original Low Carb 12x10 OZ Case,COUNT,,,cases,,,,,,,,
S083,,,,,,S083-P149-4,149,70010,Granola SS Original Low Carb 12x10 OZ Case,UNIDENTIFIED,,,cases,,,,,,,,
S083,,,,,,S083-P131-1,131,70077,Granola Setton Cinnamon Spice Almond 25 LB,COUNT,,,cases,,,,,,,,
S083,,,,,,S083-P131-2,131,70077,Granola Setton Cinnamon Spice Almond 25 LB,COUNT,,,cases,,,,,,,,
S083,,,,,,S083-P131-3,131,70077,Granola Setton Cinnamon Spice Almond 25 LB,COUNT,,,cases,,,,,,,,
S083,,,,,,S083-P131-4,131,70077,Granola Setton Cinnamon Spice Almond 25 LB,UNIDENTIFIED,,,cases,,,,,,,,
S084,,,,,,S084-P132-1,132,70056,Granola Setton Cocoa Crunch 25 LB,COUNT,,,cases,,,,,,,,
S084,,,,,,S084-P132-2,132,70056,Granola Setton Cocoa Crunch 25 LB,COUNT,,,cases,,,,,,,,
S084,,,,,,S084-P132-3,132,70056,Granola Setton Cocoa Crunch 25 LB,COUNT,,,cases,,,,,,,,
S084,,,,,,S084-P132-4,132,70056,Granola Setton Cocoa Crunch 25 LB,UNIDENTIFIED,,,cases,,,,,,,,
S084,,,,,,S084-P133-1,133,70082,Granola Setton French Vanilla 25 LB,COUNT,,,cases,,,,,,,,
S084,,,,,,S084-P133-2,133,70082,Granola Setton French Vanilla 25 LB,COUNT,,,cases,,,,,,,,
S084,,,,,,S084-P133-3,133,70082,Granola Setton French Vanilla 25 LB,COUNT,,,cases,,,,,,,,
S084,,,,,,S084-P133-4,133,70082,Granola Setton French Vanilla 25 LB,UNIDENTIFIED,,,cases,,,,,,,,
S085,,,,,,S085-P129-1,129,70081,Granola Setton Good Ol 25 LB,COUNT,,,cases,,,,,,,,
S085,,,,,,S085-P129-2,129,70081,Granola Setton Good Ol 25 LB,COUNT,,,cases,,,,,,,,
S085,,,,,,S085-P129-3,129,70081,Granola Setton Good Ol 25 LB,COUNT,,,cases,,,,,,,,
S085,,,,,,S085-P129-4,129,70081,Granola Setton Good Ol 25 LB,UNIDENTIFIED,,,cases,,,,,,,,
S085,,,,,,S085-P130-1,130,70078,Granola Setton Morning Latte Crunch 25 LB,COUNT,,,cases,,,,,,,,
S085,,,,,,S085-P130-2,130,70078,Granola Setton Morning Latte Crunch 25 LB,COUNT,,,cases,,,,,,,,
S085,,,,,,S085-P130-3,130,70078,Granola Setton Morning Latte Crunch 25 LB,COUNT,,,cases,,,,,,,,
S085,,,,,,S085-P130-4,130,70078,Granola Setton Morning Latte Crunch 25 LB,UNIDENTIFIED,,,cases,,,,,,,,
S086,,,,,,S086-P135-1,135,70048,Granola Vanilla Almond 25 LB,COUNT,,,cases,,,,,,,,
S086,,,,,,S086-P135-2,135,70048,Granola Vanilla Almond 25 LB,COUNT,,,cases,,,,,,,,
S086,,,,,,S086-P135-3,135,70048,Granola Vanilla Almond 25 LB,COUNT,,,cases,,,,,,,,
S086,,,,,,S086-P135-4,135,70048,Granola Vanilla Almond 25 LB,UNIDENTIFIED,,,cases,,,,,,,,
S086,,,,,,S086-P134-1,134,70052,Granola Vanilla Crisp 25 LB (French Vanilla),COUNT,,,cases,,,,,,,,
S086,,,,,,S086-P134-2,134,70052,Granola Vanilla Crisp 25 LB (French Vanilla),COUNT,,,cases,,,,,,,,
S086,,,,,,S086-P134-3,134,70052,Granola Vanilla Crisp 25 LB (French Vanilla),COUNT,,,cases,,,,,,,,
S086,,,,,,S086-P134-4,134,70052,Granola Vanilla Crisp 25 LB (French Vanilla),UNIDENTIFIED,,,cases,,,,,,,,
S087,,,,,,S087-P138-1,138,70012,Granola Wheat Free 25 LB,COUNT,,,cases,,,,,,,,
S087,,,,,,S087-P138-2,138,70012,Granola Wheat Free 25 LB,COUNT,,,cases,,,,,,,,
S087,,,,,,S087-P138-3,138,70012,Granola Wheat Free 25 LB,COUNT,,,cases,,,,,,,,
S087,,,,,,S087-P138-4,138,70012,Granola Wheat Free 25 LB,UNIDENTIFIED,,,cases,,,,,,,,
S087,,,,,,S087-P178-1,178,10301,Kookies & Kreme – 10 LB,COUNT,,,cases,,,,,,,,
S087,,,,,,S087-P178-2,178,10301,Kookies & Kreme – 10 LB,COUNT,,,cases,,,,,,,,
S087,,,,,,S087-P178-3,178,10301,Kookies & Kreme – 10 LB,COUNT,,,cases,,,,,,,,
S087,,,,,,S087-P178-4,178,10301,Kookies & Kreme – 10 LB,UNIDENTIFIED,,,cases,,,,,,,,
S088,,,,,,S088-P173-1,173,10304,Kookies & Kreme – 25 LB,COUNT,,,cases,,,,,,,,
S088,,,,,,S088-P173-2,173,10304,Kookies & Kreme – 25 LB,COUNT,,,cases,,,,,,,,
S088,,,,,,S088-P173-3,173,10304,Kookies & Kreme – 25 LB,COUNT,,,cases,,,,,,,,
S088,,,,,,S088-P173-4,173,10304,Kookies & Kreme – 25 LB,UNIDENTIFIED,,,cases,,,,,,,,
S088,,,,,,S088-P182-1,182,25014,Real Chocolate Chips 10000ct 30 LB,COUNT,,,cases,,,,,,,,
S088,,,,,,S088-P182-2,182,25014,Real Chocolate Chips 10000ct 30 LB,COUNT,,,cases,,,,,,,,
S088,,,,,,S088-P182-3,182,25014,Real Chocolate Chips 10000ct 30 LB,COUNT,,,cases,,,,,,,,
S088,,,,,,S088-P182-4,182,25014,Real Chocolate Chips 10000ct 30 LB,UNIDENTIFIED,,,cases,,,,,,,,
S089,,,,,,S089-P181-1,181,25013,Real Chocolate Chips 10000ct 50 LB,COUNT,,,cases,,,,,,,,
S089,,,,,,S089-P181-2,181,25013,Real Chocolate Chips 10000ct 50 LB,COUNT,,,cases,,,,,,,,
S089,,,,,,S089-P181-3,181,25013,Real Chocolate Chips 10000ct 50 LB,COUNT,,,cases,,,,,,,,
S089,,,,,,S089-P181-4,181,25013,Real Chocolate Chips 10000ct 50 LB,UNIDENTIFIED,,,cases,,,,,,,,
S089,,,,,,S089-P174-1,174,10303,Sprinkles Chocolate 10 LB,COUNT,,,cases,,,,,,,,
S089,,,,,,S089-P174-2,174,10303,Sprinkles Chocolate 10 LB,COUNT,,,cases,,,,,,,,
S089,,,,,,S089-P174-3,174,10303,Sprinkles Chocolate 10 LB,COUNT,,,cases,,,,,,,,
S089,,,,,,S089-P174-4,174,10303,Sprinkles Chocolate 10 LB,UNIDENTIFIED,,,cases,,,,,,,,
S090,,,,,,S090-P203-1,203,10306,Sprinkles Chocolate 25 LB,COUNT,,,cases,,,,,,,,
S090,,,,,,S090-P203-2,203,10306,Sprinkles Chocolate 25 LB,COUNT,,,cases,,,,,,,,
S090,,,,,,S090-P203-3,203,10306,Sprinkles Chocolate 25 LB,COUNT,,,cases,,,,,,,,
S090,,,,,,S090-P203-4,203,10306,Sprinkles Chocolate 25 LB,UNIDENTIFIED,,,cases,,,,,,,,
S090,,,,,,S090-P175-1,175,10302,Sprinkles Rainbow 10 LB,COUNT,,,cases,,,,,,,,
S090,,,,,,S090-P175-2,175,10302,Sprinkles Rainbow 10 LB,COUNT,,,cases,,,,,,,,
S090,,,,,,S090-P175-3,175,10302,Sprinkles Rainbow 10 LB,COUNT,,,cases,,,,,,,,
S090,,,,,,S090-P175-4,175,10302,Sprinkles Rainbow 10 LB,UNIDENTIFIED,,,cases,,,,,,,,
S091,,,,,,S091-P202-1,202,10305,Sprinkles Rainbow 25 LB,COUNT,,,cases,,,,,,,,
S091,,,,,,S091-P202-2,202,10305,Sprinkles Rainbow 25 LB,COUNT,,,cases,,,,,,,,
S091,,,,,,S091-P202-3,202,10305,Sprinkles Rainbow 25 LB,COUNT,,,cases,,,,,,,,
S091,,,,,,S091-P202-4,202,10305,Sprinkles Rainbow 25 LB,UNIDENTIFIED,,,cases,,,,,,,,
S092,,,,,,S092-P76-1,76,21001,Bag Blue #10,COUNT,,,unit,,,,,,,,
S092,,,,,,S092-P76-2,76,21001,Bag Blue #10,COUNT,,,unit,,,,,,,,
S092,,,,,,S092-P76-3,76,21001,Bag Blue #10,COUNT,,,unit,,,,,,,,
S092,,,,,,S092-P76-4,76,21001,Bag Blue #10,UNIDENTIFIED,,,unit,,,,,,,,
S092,,,,,,S092-P77-1,77,21002,Bag Blue #25,COUNT,,,unit,,,,,,,,
S092,,,,,,S092-P77-2,77,21002,Bag Blue #25,COUNT,,,unit,,,,,,,,
S092,,,,,,S092-P77-3,77,21002,Bag Blue #25,COUNT,,,unit,,,,,,,,
S092,,,,,,S092-P77-4,77,21002,Bag Blue #25,UNIDENTIFIED,,,unit,,,,,,,,
S093,,,,,,S093-P78-1,78,21003,Bag Clear #10,COUNT,,,unit,,,,,,,,
S093,,,,,,S093-P78-2,78,21003,Bag Clear #10,COUNT,,,unit,,,,,,,,
S093,,,,,,S093-P78-3,78,21003,Bag Clear #10,COUNT,,,unit,,,,,,,,
S093,,,,,,S093-P78-4,78,21003,Bag Clear #10,UNIDENTIFIED,,,unit,,,,,,,,
S093,,,,,,S093-P79-1,79,21004,Bag Clear #25,COUNT,,,unit,,,,,,,,
S093,,,,,,S093-P79-2,79,21004,Bag Clear #25,COUNT,,,unit,,,,,,,,
S093,,,,,,S093-P79-3,79,21004,Bag Clear #25,COUNT,,,unit,,,,,,,,
S093,,,,,,S093-P79-4,79,21004,Bag Clear #25,UNIDENTIFIED,,,unit,,,,,,,,
S094,,,,,,S094-P83-1,83,21024,Bag – Printed – BS Almond Butter 7 oz,COUNT,,,unit,,,,,,,,
S094,,,,,,S094-P83-2,83,21024,Bag – Printed – BS Almond Butter 7 oz,COUNT,,,unit,,,,,,,,
S094,,,,,,S094-P83-3,83,21024,Bag – Printed – BS Almond Butter 7 oz,COUNT,,,unit,,,,,,,,
S094,,,,,,S094-P83-4,83,21024,Bag – Printed – BS Almond Butter 7 oz,UNIDENTIFIED,,,unit,,,,,,,,
S094,,,,,,S094-P84-1,84,21025,Bag – Printed – BS Dark Chocolate 7 oz,COUNT,,,unit,,,,,,,,
S094,,,,,,S094-P84-2,84,21025,Bag – Printed – BS Dark Chocolate 7 oz,COUNT,,,unit,,,,,,,,
S094,,,,,,S094-P84-3,84,21025,Bag – Printed – BS Dark Chocolate 7 oz,COUNT,,,unit,,,,,,,,
S094,,,,,,S094-P84-4,84,21025,Bag – Printed – BS Dark Chocolate 7 oz,UNIDENTIFIED,,,unit,,,,,,,,
S095,,,,,,S095-P85-1,85,21026,Bag – Printed – BS Hazelnut Butter 7 oz,COUNT,,,unit,,,,,,,,
S095,,,,,,S095-P85-2,85,21026,Bag – Printed – BS Hazelnut Butter 7 oz,COUNT,,,unit,,,,,,,,
S095,,,,,,S095-P85-3,85,21026,Bag – Printed – BS Hazelnut Butter 7 oz,COUNT,,,unit,,,,,,,,
S095,,,,,,S095-P85-4,85,21026,Bag – Printed – BS Hazelnut Butter 7 oz,UNIDENTIFIED,,,unit,,,,,,,,
S095,,,,,,S095-P86-1,86,21028,Bag – Printed – BS Peanut Butter 7 oz,COUNT,,,unit,,,,,,,,
S095,,,,,,S095-P86-2,86,21028,Bag – Printed – BS Peanut Butter 7 oz,COUNT,,,unit,,,,,,,,
S095,,,,,,S095-P86-3,86,21028,Bag – Printed – BS Peanut Butter 7 oz,COUNT,,,unit,,,,,,,,
S095,,,,,,S095-P86-4,86,21028,Bag – Printed – BS Peanut Butter 7 oz,UNIDENTIFIED,,,unit,,,,,,,,
S096,,,,,,S096-P80-1,80,21005,Bag – Printed – SS Chocolate Chip Granola,COUNT,,,unit,,,,,,,,
S096,,,,,,S096-P80-2,80,21005,Bag – Printed – SS Chocolate Chip Granola,COUNT,,,unit,,,,,,,,
S096,,,,,,S096-P80-3,80,21005,Bag – Printed – SS Chocolate Chip Granola,COUNT,,,unit,,,,,,,,
S096,,,,,,S096-P80-4,80,21005,Bag – Printed – SS Chocolate Chip Granola,UNIDENTIFIED,,,unit,,,,,,,,
S096,,,,,,S096-P87-1,87,21061,Bag – Printed – SS Chocolate Chip Granola Low Carb,COUNT,,,unit,,,,,,,,
S096,,,,,,S096-P87-2,87,21061,Bag – Printed – SS Chocolate Chip Granola Low Carb,COUNT,,,unit,,,,,,,,
S096,,,,,,S096-P87-3,87,21061,Bag – Printed – SS Chocolate Chip Granola Low Carb,COUNT,,,unit,,,,,,,,
S096,,,,,,S096-P87-4,87,21061,Bag – Printed – SS Chocolate Chip Granola Low Carb,UNIDENTIFIED,,,unit,,,,,,,,
S097,,,,,,S097-P81-1,81,21006,Bag – Printed – SS Cranberry Granola,COUNT,,,unit,,,,,,,,
S097,,,,,,S097-P81-2,81,21006,Bag – Printed – SS Cranberry Granola,COUNT,,,unit,,,,,,,,
S097,,,,,,S097-P81-3,81,21006,Bag – Printed – SS Cranberry Granola,COUNT,,,unit,,,,,,,,
S097,,,,,,S097-P81-4,81,21006,Bag – Printed – SS Cranberry Granola,UNIDENTIFIED,,,unit,,,,,,,,
S097,,,,,,S097-P82-1,82,21007,Bag – Printed – SS Original Granola,COUNT,,,unit,,,,,,,,
S097,,,,,,S097-P82-2,82,21007,Bag – Printed – SS Original Granola,COUNT,,,unit,,,,,,,,
S097,,,,,,S097-P82-3,82,21007,Bag – Printed – SS Original Granola,COUNT,,,unit,,,,,,,,
S097,,,,,,S097-P82-4,82,21007,Bag – Printed – SS Original Granola,UNIDENTIFIED,,,unit,,,,,,,,
S098,,,,,,S098-P88-1,88,21060,Bag – Printed – SS Original Granola Low Carb,COUNT,,,unit,,,,,,,,
S098,,,,,,S098-P88-2,88,21060,Bag – Printed – SS Original Granola Low Carb,COUNT,,,unit,,,,,,,,
S098,,,,,,S098-P88-3,88,21060,Bag – Printed – SS Original Granola Low Carb,COUNT,,,unit,,,,,,,,
S098,,,,,,S098-P88-4,88,21060,Bag – Printed – SS Original Granola Low Carb,UNIDENTIFIED,,,unit,,,,,,,,
S098,,,,,,S098-P89-1,89,21008,Box 10 LB White Plain #13,COUNT,,,unit,,,,,,,,
S098,,,,,,S098-P89-2,89,21008,Box 10 LB White Plain #13,COUNT,,,unit,,,,,,,,
S098,,,,,,S098-P89-3,89,21008,Box 10 LB White Plain #13,COUNT,,,unit,,,,,,,,
S098,,,,,,S098-P89-4,89,21008,Box 10 LB White Plain #13,UNIDENTIFIED,,,unit,,,,,,,,
S099,,,,,,S099-P90-1,90,21009,Box 10 LB White Plain #13 Flat,COUNT,,,unit,,,,,,,,
S099,,,,,,S099-P90-2,90,21009,Box 10 LB White Plain #13 Flat,COUNT,,,unit,,,,,,,,
S099,,,,,,S099-P90-3,90,21009,Box 10 LB White Plain #13 Flat,COUNT,,,unit,,,,,,,,
S099,,,,,,S099-P90-4,90,21009,Box 10 LB White Plain #13 Flat,UNIDENTIFIED,,,unit,,,,,,,,
S099,,,,,,S099-P91-1,91,21010,Box 14 12,COUNT,,,unit,,,,,,,,
S099,,,,,,S099-P91-2,91,21010,Box 14 12,COUNT,,,unit,,,,,,,,
S099,,,,,,S099-P91-3,91,21010,Box 14 12,COUNT,,,unit,,,,,,,,
S099,,,,,,S099-P91-4,91,21010,Box 14 12,UNIDENTIFIED,,,unit,,,,,,,,
S100,,,,,,S100-P92-1,92,21011,Box 24,COUNT,,,unit,,,,,,,,
S100,,,,,,S100-P92-2,92,21011,Box 24,COUNT,,,unit,,,,,,,,
S100,,,,,,S100-P92-3,92,21011,Box 24,COUNT,,,unit,,,,,,,,
S100,,,,,,S100-P92-4,92,21011,Box 24,UNIDENTIFIED,,,unit,,,,,,,,
S100,,,,,,S100-P93-1,93,21012,Box 24 Flat,COUNT,,,unit,,,,,,,,
S100,,,,,,S100-P93-2,93,21012,Box 24 Flat,COUNT,,,unit,,,,,,,,
S100,,,,,,S100-P93-3,93,21012,Box 24 Flat,COUNT,,,unit,,,,,,,,
S100,,,,,,S100-P93-4,93,21012,Box 24 Flat,UNIDENTIFIED,,,unit,,,,,,,,
S101,,,,,,S101-P94-1,94,21013,Box 38F Toasted 25 LB,COUNT,,,unit,,,,,,,,
S101,,,,,,S101-P94-2,94,21013,Box 38F Toasted 25 LB,COUNT,,,unit,,,,,,,,
S101,,,,,,S101-P94-3,94,21013,Box 38F Toasted 25 LB,COUNT,,,unit,,,,,,,,
S101,,,,,,S101-P94-4,94,21013,Box 38F Toasted 25 LB,UNIDENTIFIED,,,unit,,,,,,,,
S101,,,,,,S101-P95-1,95,21014,Box F28,COUNT,,,unit,,,,,,,,
S101,,,,,,S101-P95-2,95,21014,Box F28,COUNT,,,unit,,,,,,,,
S101,,,,,,S101-P95-3,95,21014,Box F28,COUNT,,,unit,,,,,,,,
S101,,,,,,S101-P95-4,95,21014,Box F28,UNIDENTIFIED,,,unit,,,,,,,,
S102,,,,,,S102-P96-1,96,21015,Box PL9 Crumb,COUNT,,,unit,,,,,,,,
S102,,,,,,S102-P96-2,96,21015,Box PL9 Crumb,COUNT,,,unit,,,,,,,,
S102,,,,,,S102-P96-3,96,21015,Box PL9 Crumb,COUNT,,,unit,,,,,,,,
S102,,,,,,S102-P96-4,96,21015,Box PL9 Crumb,UNIDENTIFIED,,,unit,,,,,,,,
S102,,,,,,S102-P97-1,97,21016,Box Unipro Printed 10 LB,COUNT,,,unit,,,,,,,,
S102,,,,,,S102-P97-2,97,21016,Box Unipro Printed 10 LB,COUNT,,,unit,,,,,,,,
S102,,,,,,S102-P97-3,97,21016,Box Unipro Printed 10 LB,COUNT,,,unit,,,,,,,,
S102,,,,,,S102-P97-4,97,21016,Box Unipro Printed 10 LB,UNIDENTIFIED,,,unit,,,,,,,,
S103,,,,,,S103-P98-1,98,21017,Box Unipro Printed 10 LB Flat,COUNT,,,unit,,,,,,,,
S103,,,,,,S103-P98-2,98,21017,Box Unipro Printed 10 LB Flat,COUNT,,,unit,,,,,,,,
S103,,,,,,S103-P98-3,98,21017,Box Unipro Printed 10 LB Flat,COUNT,,,unit,,,,,,,,
S103,,,,,,S103-P98-4,98,21017,Box Unipro Printed 10 LB Flat,UNIDENTIFIED,,,unit,,,,,,,,
S103,,,,,,S103-P99-1,99,21018,Box – CQ – Printed – Coconut,COUNT,,,unit,,,,,,,,
S103,,,,,,S103-P99-2,99,21018,Box – CQ – Printed – Coconut,COUNT,,,unit,,,,,,,,
S103,,,,,,S103-P99-3,99,21018,Box – CQ – Printed – Coconut,COUNT,,,unit,,,,,,,,
S103,,,,,,S103-P99-4,99,21018,Box – CQ – Printed – Coconut,UNIDENTIFIED,,,unit,,,,,,,,
S104,,,,,,S104-P100-1,100,21019,Box – CQ – Printed – Granola,COUNT,,,unit,,,,,,,,
S104,,,,,,S104-P100-2,100,21019,Box – CQ – Printed – Granola,COUNT,,,unit,,,,,,,,
S104,,,,,,S104-P100-3,100,21019,Box – CQ – Printed – Granola,COUNT,,,unit,,,,,,,,
S104,,,,,,S104-P100-4,100,21019,Box – CQ – Printed – Granola,UNIDENTIFIED,,,unit,,,,,,,,
S104,,,,,,S104-P101-1,101,21020,Box – CQ – Printed – Granola – Flat,COUNT,,,unit,,,,,,,,
S104,,,,,,S104-P101-2,101,21020,Box – CQ – Printed – Granola – Flat,COUNT,,,unit,,,,,,,,
S104,,,,,,S104-P101-3,101,21020,Box – CQ – Printed – Granola – Flat,COUNT,,,unit,,,,,,,,
S104,,,,,,S104-P101-4,101,21020,Box – CQ – Printed – Granola – Flat,UNIDENTIFIED,,,unit,,,,,,,,
S105,,,,,,S105-P105-1,105,21029,Case – Generic – 7 OZ Master,COUNT,,,unit,,,,,,,,
S105,,,,,,S105-P105-2,105,21029,Case – Generic – 7 OZ Master,COUNT,,,unit,,,,,,,,
S105,,,,,,S105-P105-3,105,21029,Case – Generic – 7 OZ Master,COUNT,,,unit,,,,,,,,
S105,,,,,,S105-P105-4,105,21029,Case – Generic – 7 OZ Master,UNIDENTIFIED,,,unit,,,,,,,,
S105,,,,,,S105-P106-1,106,21030,Case – Generic – 7 OZ Master – Flat,COUNT,,,unit,,,,,,,,
S105,,,,,,S105-P106-2,106,21030,Case – Generic – 7 OZ Master – Flat,COUNT,,,unit,,,,,,,,
S105,,,,,,S105-P106-3,106,21030,Case – Generic – 7 OZ Master – Flat,COUNT,,,unit,,,,,,,,
S105,,,,,,S105-P106-4,106,21030,Case – Generic – 7 OZ Master – Flat,UNIDENTIFIED,,,unit,,,,,,,,
S106,,,,,,S106-P176-1,176,,Pallet Charge,COUNT,,,each,,,,,,,,
S106,,,,,,S106-P176-2,176,,Pallet Charge,COUNT,,,each,,,,,,,,
S106,,,,,,S106-P176-3,176,,Pallet Charge,COUNT,,,each,,,,,,,,
S106,,,,,,S106-P176-4,176,,Pallet Charge,UNIDENTIFIED,,,each,,,,,,,,
S106,,,,,,S106-P102-1,102,21021,Pallets,COUNT,,,unit,,,,,,,,
S106,,,,,,S106-P102-2,102,21021,Pallets,COUNT,,,unit,,,,,,,,
S106,,,,,,S106-P102-3,102,21021,Pallets,COUNT,,,unit,,,,,,,,
S106,,,,,,S106-P102-4,102,21021,Pallets,UNIDENTIFIED,,,unit,,,,,,,,
S107,,,,,,S107-P103-1,103,21022,Tape – 48mmx100m – Case 36,COUNT,,,unit,,,,,,,,
S107,,,,,,S107-P103-2,103,21022,Tape – 48mmx100m – Case 36,COUNT,,,unit,,,,,,,,
S107,,,,,,S107-P103-3,103,21022,Tape – 48mmx100m – Case 36,COUNT,,,unit,,,,,,,,
S107,,,,,,S107-P103-4,103,21022,Tape – 48mmx100m – Case 36,UNIDENTIFIED,,,unit,,,,,,,,
S107,,,,,,S107-P104-1,104,21023,Tape – 48mmx914m – Case 6,COUNT,,,unit,,,,,,,,
S107,,,,,,S107-P104-2,104,21023,Tape – 48mmx914m – Case 6,COUNT,,,unit,,,,,,,,
S107,,,,,,S107-P104-3,104,21023,Tape – 48mmx914m – Case 6,COUNT,,,unit,,,,,,,,
S107,,,,,,S107-P104-4,104,21023,Tape – 48mmx914m – Case 6,UNIDENTIFIED,,,unit,,,,,,,,
U001,,,,,,U001-01,,,,UNIDENTIFIED,,,,,,,,,,,
U001,,,,,,U001-02,,,,UNIDENTIFIED,,,,,,,,,,,
U001,,,,,,U001-03,,,,UNIDENTIFIED,,,,,,,,,,,
U001,,,,,,U001-04,,,,UNIDENTIFIED,,,,,,,,,,,
U001,,,,,,U001-05,,,,UNIDENTIFIED,,,,,,,,,,,
U001,,,,,,U001-06,,,,UNIDENTIFIED,,,,,,,,,,,
U001,,,,,,U001-07,,,,UNIDENTIFIED,,,,,,,,,,,
U001,,,,,,U001-08,,,,UNIDENTIFIED,,,,,,,,,,,
U001,,,,,,U001-09,,,,UNIDENTIFIED,,,,,,,,,,,
U001,,,,,,U001-10,,,,UNIDENTIFIED,,,,,,,,,,,
