product_id,SKU,name,all_locations_searched,completed_at,owner_initials,notes
1,11001,Allulose,,,,
2,11002,Almonds – Diced,,,,
3,11003,Almonds – Sliced,,,,
4,11004,Almonds – Slivered,,,,
54,15001,BS Almond Butter,,,,
55,15002,BS Almonds – Sliced – Raw,,,,
56,15003,BS Banana Bites – Small,,,,
57,15004,BS Cacao Fruit Sugar,,,,
58,15005,BS Cacao Nibs,,,,
59,15006,BS Cacao Shell Flour,,,,
60,15007,BS Chia Seeds,,,,
61,15008,BS Cocoa Liquor – Chips,,,,
64,15011,BS Hazelnut Butter,,,,
65,15012,BS Hazelnuts,,,,
66,15013,BS Hazelnuts – Diced,,,,
67,15014,BS Oats GF,,,,
68,15015,BS Oil – Almond,,,,
69,15016,BS Peanut Butter Chips,,,,
70,15019,BS Pumpkin Seeds,,,,
71,15020,BS Salt,,,,
5,11005,Chia Seeds,,,,
73,25011,"Chocolate Chips – Real – 1,000 CT",,,,
74,25012,"Chocolate Chips – Real – 10,000 CT",,,,
72,25010,"Chocolate Chips – Real – 4,000 CT",,,,
6,11006,Chocolate Chips – Sugar Free,,,,
7,11007,Cinnamon Ground,,,,
8,11008,Cocoa Powder,,,,
15,11015,Coffee – Instant,,,,
16,11016,Corn Starch,,,,
17,11017,Cranberries Dried,,,,
18,11018,Flavor – Almond,,,,
19,11019,Flavor – Blueberry,,,,
20,11020,Flavor – Chocolate,,,,
21,11021,Flavor – Cinnamon,,,,
22,11022,Flavor – Coffee,,,,
23,11023,Flavor – Maple,,,,
24,11024,Flavor – Raspberry,,,,
25,11025,Flavor – Strawberry,,,,
26,11026,Flavor – Vanilla,,,,
27,11027,Flax – Ground,,,,
28,11028,Flax – Seed,,,,
29,11029,Glycol,,,,
75,31011,Graham Cracker Crumbs – 50 LB,,,,
30,11030,Honey,,,,
31,11031,Oat Bran,,,,
32,11032,Oats,,,,
33,11033,Oats – Gluten Free,,,,
34,11034,Oil – Canola,,,,
52,11052,Oil – Soybean,,,,
169,11054,Organic Madagascar Vanilla Extract,,,,
35,11035,Pumpkin Seeds,,,,
36,11036,Raisins,,,,
37,11037,Raspberries – Freeze Dried,,,,
38,11038,Rice Flour,,,,
39,11039,Salt,,,,
40,11040,Sugar – 6X,,,,
41,11041,Sugar – Cane – Organic,,,,
42,11042,Sugar – Granulated,,,,
43,11043,Sugar – Invert(Cream),,,,
44,11044,Sugar – Light Brown,,,,
45,11045,Sugar – Monk Fruit,,,,
46,11046,Sunflower Seeds,,,,
47,11047,Tapioca Syrup,,,,
48,11048,Vanilla Powder,,,,
49,11049,Walnuts,,,,
50,11050,Water,,,,
51,11051,Wheat Flakes,,,,
53,11053,White Chocolate Chips,,,,
62,15009,BS Coconut Sugar,,,,
63,15010,BS Coconut – Chips,,,,
9,11009,Coconut Chips Desiccated,,,,
10,11010,Coconut Fancy Desiccated,,,,
11,11011,Coconut Fine Grade Low Fat Desiccated,,,,
12,11012,Coconut Flake Desiccated,,,,
13,11013,Coconut Macaroon Desiccated,,,,
14,11014,Coconut Medium Desiccated,,,,
166,11055,Sweetened Flake Coconut,,,,
291,15999,WIP Banana / PB-chip mix (for PBB),,,,
125,90003,Batch Coconut Sweetened Fancy,,,,
126,90004,Batch Coconut Sweetened Flake,,,,
127,90005,Batch Coconut Sweetened Medium,,,,
128,90007,Batch Coconut Toasted Sweetened Flake,,,,
123,95001,Batch BS Almond Butter Granola 350,,,,
121,95002,Batch BS Dark Chocolate Granola 350,,,,
124,95003,Batch BS Hazelnut Butter Granola 350,,,,
122,95005,Batch BS Peanut Butter Banana Granola,,,,
108,90001,Batch Classic Chocolate Chip Granola #9,,,,
107,90002,Batch Classic Granola #9,,,,
113,90010,Batch Granola Vanilla Almond 380 lb,,,,
114,90011,Batch SS Chocolate Chip Granola #2,,,,
115,90012,Batch SS Chocolate Chip Granola #5,,,,
284,90026,Batch SS Classic Chocolate Chip Granola #9 (Kosher Ignition),,,,
283,90025,Batch SS Classic Granola #9 (Kosher Ignition),,,,
118,90013,Batch SS Cranberry Granola #3,,,,
119,90014,Batch SS Low Carb Chocolate Chip Granola #8,,,,
120,90015,Batch SS Low Carb Original Granola #7,,,,
116,90016,Batch SS Original Granola #1,,,,
117,90017,Batch SS Original Granola #4,,,,
109,90019,Batch Setton Cinnamon Almond Granola #14,,,,
111,90020,Batch Setton Cocoa Crunch Granola #13,,,,
110,90021,Batch Setton Coffee Granola #12,,,,
112,90024,Batch Vanilla Crisp Granola #16(no almonds),,,,
179,90008,Granola Fruit Nut Batch,,,,
152,70079,BS Almond Butter Granola – 6x7 OZ Case,,,,
207,70086,BS Almond Butter Granola – 6x8 OZ Case,,,,
150,70074,BS Granola – Dark Chocolate – 6x7 OZ Case,,,,
208,70087,BS Granola – Dark Chocolate – 6x8 OZ Case,,,,
153,70080,BS Granola – Hazelnut Butter – 6x7 OZ Case,,,,
206,70085,BS Granola – Hazelnut Butter – 6x8 OZ Case,,,,
151,70073,BS Granola – Peanut Butter Banana – 6x7 OZ Case,,,,
209,70088,BS Granola – Peanut Butter Banana – 6x8 OZ Case,,,,
164,893,CQ Coconut Sweetened Flake 10 LB,,,,
144,1614,CQ Granola 10 LB,,,,
171,70089,Classic Granola 25 LB,,,,
187,70051,Coconut Chips 25 LB,,,,
154,10006,Coconut Sweetened Fancy CNS 10 LB,,,,
155,10007,Coconut Sweetened Fancy CNS 25 LB,,,,
161,67470,Coconut Sweetened Fancy UNIPRO 10 LB,,,,
156,10001,Coconut Sweetened Flake CNS 10 LB,,,,
157,10020,Coconut Sweetened Flake CNS 25 LB,,,,
162,67476,Coconut Sweetened Flake UNIPRO 10 LB,,,,
158,10002,Coconut Sweetened Medium CNS 10 LB,,,,
163,67473,Coconut Sweetened Medium UNIPRO 10 LB,,,,
159,10010,Coconut Toasted Sweetened Flake CNS 10 LB,,,,
160,10029,Coconut Toasted Sweetened Flake CNS 25 LB,,,,
193,10050,Desiccated Coconut Chips 15 LB,,,,
192,10049,Desiccated Coconut Chips 25 LB,,,,
189,10046,Desiccated Fancy Bakers 50 LB,,,,
190,10047,Desiccated Flake 50 LB,,,,
198,10055,Desiccated Flake 55 LB,,,,
199,10056,Desiccated Flake 80 LB,,,,
191,10048,Desiccated Flake CNS 25 LB,,,,
201,10059,Desiccated Macaroon 55 LB,,,,
196,10053,Desiccated Macaroon Bakers 25 LB,,,,
188,10045,Desiccated Macaroon Bakers 50 LB,,,,
200,10058,Desiccated Macaroon CNS 25 LB,,,,
194,10051,Desiccated Medium Bakers 50 LB,,,,
197,10054,Desiccated Medium CNS 100 LB,,,,
195,10052,Desiccated Medium CNS 25 LB,,,,
165,31012,Graham Cracker Crumbs – 10 LB,,,,
143,70053,Granola Chocolate Chip 25 LB,,,,
140,70057,Granola Cinnamon Almond 25 LB,,,,
136,70050,Granola Classic 25 LB,,,,
139,70059,Granola Cocoa Vibes 25 LB,,,,
137,10300,Granola Crunchy CNS 10 LB Case,,,,
142,70061,Granola Fruit Nut 25 LB,,,,
141,70060,Granola Honey Nut 25 LB,,,,
184,70005,Granola SS B'gan Chocolate per/lb,,,,
145,70003,Granola SS Chocolate Chip 12x10 OZ Case,,,,
148,70070,Granola SS Chocolate Chip Low Carb 12x10 OZ Case,,,,
287,70015,Granola SS Classic #9 10 LB,,,,
286,70014,Granola SS Classic #9 25 LB,,,,
285,70013,Granola SS Classic #9 Bulk per/lb,,,,
290,70018,Granola SS Classic Chocolate Chip #9 10 LB,,,,
289,70017,Granola SS Classic Chocolate Chip #9 25 LB,,,,
288,70016,Granola SS Classic Chocolate Chip #9 Bulk per/lb,,,,
147,70011,Granola SS Cranberry 12x10 OZ Case,,,,
186,70009,Granola SS Evergreen 12 pack,,,,
185,70006,Granola SS Mini 100,,,,
146,70002,Granola SS Original 12x10 OZ Case,,,,
183,70004,Granola SS Original Bulk per/lb,,,,
149,70010,Granola SS Original Low Carb 12x10 OZ Case,,,,
131,70077,Granola Setton Cinnamon Spice Almond 25 LB,,,,
132,70056,Granola Setton Cocoa Crunch 25 LB,,,,
133,70082,Granola Setton French Vanilla 25 LB,,,,
129,70081,Granola Setton Good Ol 25 LB,,,,
130,70078,Granola Setton Morning Latte Crunch 25 LB,,,,
135,70048,Granola Vanilla Almond 25 LB,,,,
134,70052,Granola Vanilla Crisp 25 LB (French Vanilla),,,,
138,70012,Granola Wheat Free 25 LB,,,,
178,10301,Kookies & Kreme – 10 LB,,,,
173,10304,Kookies & Kreme – 25 LB,,,,
182,25014,Real Chocolate Chips 10000ct 30 LB,,,,
181,25013,Real Chocolate Chips 10000ct 50 LB,,,,
174,10303,Sprinkles Chocolate 10 LB,,,,
203,10306,Sprinkles Chocolate 25 LB,,,,
175,10302,Sprinkles Rainbow 10 LB,,,,
202,10305,Sprinkles Rainbow 25 LB,,,,
76,21001,Bag Blue #10,,,,
77,21002,Bag Blue #25,,,,
78,21003,Bag Clear #10,,,,
79,21004,Bag Clear #25,,,,
83,21024,Bag – Printed – BS Almond Butter 7 oz,,,,
84,21025,Bag – Printed – BS Dark Chocolate 7 oz,,,,
85,21026,Bag – Printed – BS Hazelnut Butter 7 oz,,,,
86,21028,Bag – Printed – BS Peanut Butter 7 oz,,,,
80,21005,Bag – Printed – SS Chocolate Chip Granola,,,,
87,21061,Bag – Printed – SS Chocolate Chip Granola Low Carb,,,,
81,21006,Bag – Printed – SS Cranberry Granola,,,,
82,21007,Bag – Printed – SS Original Granola,,,,
88,21060,Bag – Printed – SS Original Granola Low Carb,,,,
89,21008,Box 10 LB White Plain #13,,,,
90,21009,Box 10 LB White Plain #13 Flat,,,,
91,21010,Box 14 12,,,,
92,21011,Box 24,,,,
93,21012,Box 24 Flat,,,,
94,21013,Box 38F Toasted 25 LB,,,,
95,21014,Box F28,,,,
96,21015,Box PL9 Crumb,,,,
97,21016,Box Unipro Printed 10 LB,,,,
98,21017,Box Unipro Printed 10 LB Flat,,,,
99,21018,Box – CQ – Printed – Coconut,,,,
100,21019,Box – CQ – Printed – Granola,,,,
101,21020,Box – CQ – Printed – Granola – Flat,,,,
105,21029,Case – Generic – 7 OZ Master,,,,
106,21030,Case – Generic – 7 OZ Master – Flat,,,,
176,,Pallet Charge,,,,
102,21021,Pallets,,,,
103,21022,Tape – 48mmx100m – Case 36,,,,
104,21023,Tape – 48mmx914m – Case 6,,,,
