sheet_id,suggested_group,actual_area,count_date,counter,start_time,end_time,returned_complete,notes
S001,01 Ingredients,,,,,,,
S002,01 Ingredients,,,,,,,
S003,01 Ingredients,,,,,,,
S004,01 Ingredients,,,,,,,
S005,01 Ingredients,,,,,,,
S006,01 Ingredients,,,,,,,
S007,01 Ingredients,,,,,,,
S008,01 Ingredients,,,,,,,
S009,01 Ingredients,,,,,,,
S010,01 Ingredients,,,,,,,
S011,01 Ingredients,,,,,,,
S012,01 Ingredients,,,,,,,
S013,01 Ingredients,,,,,,,
S014,01 Ingredients,,,,,,,
S015,01 Ingredients,,,,,,,
S016,01 Ingredients,,,,,,,
S017,01 Ingredients,,,,,,,
S018,01 Ingredients,,,,,,,
S019,01 Ingredients,,,,,,,
S020,01 Ingredients,,,,,,,
S021,01 Ingredients,,,,,,,
S022,01 Ingredients,,,,,,,
S023,01 Ingredients,,,,,,,
S024,01 Ingredients,,,,,,,
S025,01 Ingredients,,,,,,,
S026,01 Ingredients,,,,,,,
S027,01 Ingredients,,,,,,,
S028,01 Ingredients,,,,,,,
S029,01 Ingredients,,,,,,,
S030,01 Ingredients,,,,,,,
S031,01 Ingredients,,,,,,,
S032,01 Ingredients,,,,,,,
S033,01 Ingredients,,,,,,,
S034,01 Ingredients,,,,,,,
S035,02 Coconut raw materials,,,,,,,
S036,02 Coconut raw materials,,,,,,,
S037,02 Coconut raw materials,,,,,,,
S038,02 Coconut raw materials,,,,,,,
S039,02 Coconut raw materials,,,,,,,
S040,03 Other WIP - container stock,,,,,,,
S041,04 Coconut bulk WIP,,,,,,,
S042,04 Coconut bulk WIP,,,,,,,
S043,05 Granola bulk WIP,,,,,,,
S044,05 Granola bulk WIP,,,,,,,
S045,05 Granola bulk WIP,,,,,,,
S046,05 Granola bulk WIP,,,,,,,
S047,05 Granola bulk WIP,,,,,,,
S048,05 Granola bulk WIP,,,,,,,
S049,05 Granola bulk WIP,,,,,,,
S050,05 Granola bulk WIP,,,,,,,
S051,05 Granola bulk WIP,,,,,,,
S052,05 Granola bulk WIP,,,,,,,
S053,05 Granola bulk WIP,,,,,,,
S054,06 Finished goods - all customers,,,,,,,
S055,06 Finished goods - all customers,,,,,,,
S056,06 Finished goods - all customers,,,,,,,
S057,06 Finished goods - all customers,,,,,,,
S058,06 Finished goods - all customers,,,,,,,
S059,06 Finished goods - all customers,,,,,,,
S060,06 Finished goods - all customers,,,,,,,
S061,06 Finished goods - all customers,,,,,,,
S062,06 Finished goods - all customers,,,,,,,
S063,06 Finished goods - all customers,,,,,,,
S064,06 Finished goods - all customers,,,,,,,
S065,06 Finished goods - all customers,,,,,,,
S066,06 Finished goods - all customers,,,,,,,
S067,06 Finished goods - all customers,,,,,,,
S068,06 Finished goods - all customers,,,,,,,
S069,06 Finished goods - all customers,,,,,,,
S070,06 Finished goods - all customers,,,,,,,
S071,06 Finished goods - all customers,,,,,,,
S072,06 Finished goods - all customers,,,,,,,
S073,06 Finished goods - all customers,,,,,,,
S074,06 Finished goods - all customers,,,,,,,
S075,06 Finished goods - all customers,,,,,,,
S076,06 Finished goods - all customers,,,,,,,
S077,06 Finished goods - all customers,,,,,,,
S078,06 Finished goods - all customers,,,,,,,
S079,06 Finished goods - all customers,,,,,,,
S080,06 Finished goods - all customers,,,,,,,
S081,06 Finished goods - all customers,,,,,,,
S082,06 Finished goods - all customers,,,,,,,
S083,06 Finished goods - all customers,,,,,,,
S084,06 Finished goods - all customers,,,,,,,
S085,06 Finished goods - all customers,,,,,,,
S086,06 Finished goods - all customers,,,,,,,
S087,06 Finished goods - all customers,,,,,,,
S088,06 Finished goods - all customers,,,,,,,
S089,06 Finished goods - all customers,,,,,,,
S090,06 Finished goods - all customers,,,,,,,
S091,06 Finished goods - all customers,,,,,,,
S092,"07 Packaging - bags, boxes, tape and pallets",,,,,,,
S093,"07 Packaging - bags, boxes, tape and pallets",,,,,,,
S094,"07 Packaging - bags, boxes, tape and pallets",,,,,,,
S095,"07 Packaging - bags, boxes, tape and pallets",,,,,,,
S096,"07 Packaging - bags, boxes, tape and pallets",,,,,,,
S097,"07 Packaging - bags, boxes, tape and pallets",,,,,,,
S098,"07 Packaging - bags, boxes, tape and pallets",,,,,,,
S099,"07 Packaging - bags, boxes, tape and pallets",,,,,,,
S100,"07 Packaging - bags, boxes, tape and pallets",,,,,,,
S101,"07 Packaging - bags, boxes, tape and pallets",,,,,,,
S102,"07 Packaging - bags, boxes, tape and pallets",,,,,,,
S103,"07 Packaging - bags, boxes, tape and pallets",,,,,,,
S104,"07 Packaging - bags, boxes, tape and pallets",,,,,,,
S105,"07 Packaging - bags, boxes, tape and pallets",,,,,,,
S106,"07 Packaging - bags, boxes, tape and pallets",,,,,,,
S107,"07 Packaging - bags, boxes, tape and pallets",,,,,,,
U001,Other / not in catalog,,,,,,,
